,index,Position,Track Name,Artist,Streams,ID,danceability,energy,key,loudness,mode,speechiness,acousticness,instrumentalness,liveness,valence,tempo,time_signature,duration_ms
0,1,1,Torna a casa,Måneskin,3159175,3590AAEoqH50z4UmhMIY85,0.425,0.638,1,-3.184,0,0.0759,0.426,0,0.177,0.45,81.396,4,230667
1,2,2,Prima di ogni cosa,Fedez,2865131,0juSegsrO7siAAjlNATKV2,0.617,0.476,5,-7.086,1,0.0446,0.643,0,0.316,0.429,131.683,3,186832
2,3,3,"Taki Taki (with Selena Gomez, Ozuna & Cardi B)",DJ Snake,2108292,4w8niZpiMy6qz1mntFA5uM,0.842,0.801,8,-4.167,0,0.228,0.157,4.82e-06,0.0642,0.617,95.881,4,212500
3,4,4,Cambiare Adesso,Dark Polo Gang,1775286,01MJgnPL3AuwmYQ4EbHzD7,0.666,0.777,5,-3.143,0,0.0587,0.279,1.47e-06,0.197,0.588,79.999,4,228975
4,5,5,Fuoco e benzina,Emis Killa,1516611,4Fs1sEg9Mwn6vykFD89xvc,0.682,0.711,5,-5.781,1,0.112,0.0497,0,0.0986,0.515,79.92,4,209180
5,6,6,Cascare nei tuoi occhi,Ultimo,1500240,60oJSn5MTG2VNvCJKwd65M,0.732,0.46,0,-8.629,1,0.104,0.541,0,0.0896,0.405,67.983,4,226160
6,7,7,Rollin',Gemitaiz,1500004,1LYkQC1JrgMhwMol3nVo35,0.778,0.556,7,-6.779,1,0.0933,0.302,0.000117,0.135,0.434,75.012,4,167414
7,8,8,90MIN,Salmo,1250331,1YzlPeHWPU0JeM0u4ya5zj,0.715,0.675,1,-7.657,1,0.301,0.035,0,0.842,0.535,122.224,4,231907
8,9,9,In My Mind,Dynoro,1091004,0E9ZjEAyAwOXZ7wJC0PD33,0.694,0.77,6,-5.335,1,0.149,0.176,1.1e-05,0.118,0.163,125.905,4,184560
9,10,10,Fumo Da Solo,Izi,1086714,4sYbBt781iAS2S76IeMwIG,0.724,0.605,7,-8.14,0,0.0544,0.0626,0,0.108,0.52,140.091,4,221571
10,11,11,Girls Like You (feat. Cardi B),Maroon 5,986416,7fa9MBXhVfQ8P8Df9OEbD8,0.851,0.541,0,-6.825,1,0.0505,0.568,0,0.13,0.448,124.959,4,235545
11,12,12,D'estate non vale (feat. Ana Mena),Fred De Palma,975713,3dCEtkAfWhk15bLAWZAKLy,0.658,0.748,11,-5.802,0,0.142,0.0852,0,0.0789,0.69,179.919,4,157176
12,13,13,MIA (feat. Drake),Bad Bunny,956770,116H0KvKr2Zl4RPuVBruDO,0.817,0.539,6,-6.349,0,0.0621,0.0141,0.000496,0.099,0.158,97.062,4,210368
13,14,14,Poesia senza veli,Ultimo,937245,3f2b204xj4jZdoHjo9wj0W,0.739,0.519,8,-7.461,0,0.125,0.752,0,0.222,0.255,81.991,4,218167
14,15,15,Shallow,Lady Gaga,928219,2VxeLyX666F8uXCJ0dZF8B,0.572,0.385,7,-6.362,1,0.0308,0.371,0,0.231,0.323,95.799,4,215733
15,16,16,Rollercoaster,Emis Killa,904212,4WJj8NsyCm3YAADCOe0hrf,0.744,0.866,11,-5.178,1,0.174,0.052,2.2e-05,0.0574,0.791,104.042,4,207550
16,17,17,Morirò da Re,Måneskin,890020,1aX0Ki80LFzzhqxqRlqbAV,0.605,0.881,10,-2.563,1,0.153,0.123,0,0.038,0.928,193.788,4,157880
17,18,18,Vaina Loca,Ozuna,869676,48zFZh27QU5qsrBjn4C2FA,0.754,0.805,6,-4.249,1,0.0752,0.315,0,0.203,0.555,93.982,4,176133
18,19,19,Arms Around You (feat. Maluma & Swae Lee),XXXTENTACION,808253,2LskIZrCeLxRvCiGP8gxlh,0.703,0.723,9,-5.45,0,0.0412,0.0302,2.06e-06,0.126,0.288,104.969,4,198903
19,20,20,Trap Phone (feat. Capo Plaza),Guè Pequeno,805706,50Vy6DvEWNLDaQV5j9TdDS,0.749,0.664,1,-5.414,0,0.0591,0.11,0,0.296,0.248,118.032,4,200533
20,21,21,Davide (feat. Coez),Gemitaiz,801920,1Lq5ApqhIWUXzlryFX2K6J,0.797,0.63,5,-7.601,1,0.0763,0.136,4.86e-06,0.207,0.761,126.006,4,206212
21,22,22,Se Piovesse Il Tuo Nome,Elisa,783157,7oETr2afFHIzjDIOpm4zPJ,0.561,0.712,1,-3.204,0,0.0292,0.326,1.63e-05,0.101,0.2,81.958,4,202533
22,23,23,Tutto tua madre,J-AX,777536,1PahySwtcIaiG7GUnCy9tx,0.582,0.741,0,-6.264,1,0.0678,0.128,0,0.343,0.226,128.219,4,226000
23,24,24,Pianeti,Ultimo,775740,2w5wtWq30yTkNSG9YjMFvW,0.55,0.488,8,-9.425,1,0.196,0.281,0,0.372,0.108,80.112,4,224000
24,25,25,New York,Thegiornalisti,760896,1nhEQjgj0NrtAoDuFEhMEL,0.573,0.722,7,-4.853,1,0.0492,0.0679,0,0.0662,0.495,151.936,4,219573
25,26,26,Bella e rovinata,Irama,760236,5uPQRVuGquShCnqzuOTq4B,0.549,0.646,10,-6.586,1,0.0428,0.258,0,0.0847,0.444,156.012,4,200869
26,27,27,Happier,Marshmello,758448,2dpaYNEQHiRxtZbfNsse99,0.687,0.792,5,-2.749,1,0.0452,0.191,0,0.167,0.671,100.015,4,214290
27,28,28,Pablo,Rvssian,734667,0l8vhDaEztxLCQsFOAX64d,0.813,0.663,6,-7.84,0,0.0433,0.071,0,0.115,0.343,140.016,4,165942
28,29,29,Vertigini,Tedua,730170,1Oou7m2VuxCDSOdqsu07TU,0.579,0.774,5,-6.34,0,0.164,0.164,0,0.131,0.476,133.722,4,203040
29,30,30,Borsello (feat. Sfera Ebbasta & DrefGold),Guè Pequeno,705734,6gAySqc7QK27KEASxmc7Ag,0.77,0.584,2,-7.453,0,0.226,0.36,0,0.208,0.625,154.028,4,202827
30,31,31,Tesla (feat. Sfera Ebbasta & DrefGold),Capo Plaza,692022,093RgZ7RXHZwIrxZhZYX4Q,0.854,0.626,11,-5.14,1,0.0618,0.316,0,0.0961,0.377,140.05,4,185147
31,32,32,Un domani (feat. Mr.Rain),Annalisa,691706,5ZUbSBnGDbmBGcH2l1575M,0.745,0.832,7,-5.248,1,0.0906,0.226,0,0.118,0.839,135.007,4,223827
32,33,33,2% (feat. Frah Quintale),Guè Pequeno,689779,1GZPzAyqLxOu9ANPIKMlCs,0.754,0.602,10,-6.785,0,0.428,0.237,0,0.151,0.587,82.043,4,211840
33,34,34,L'altra dimensione,Måneskin,677962,36ONZ2CvV8KsLPapNPGTqa,0.715,0.839,5,-2.35,0,0.0602,0.524,0,0.266,0.539,111.371,4,126707
34,35,35,Promises (with Sam Smith),Calvin Harris,672646,5N5k9nd479b1xpDZ4usjrg,0.781,0.768,11,-5.991,1,0.0394,0.0119,4.91e-06,0.325,0.486,123.07,4,213309
35,36,36,Il ballo delle incertezze,Ultimo,658464,0Wq6iAraiUpSbBSPmv4gLu,0.654,0.76,3,-5.058,1,0.185,0.445,0,0.0548,0.413,144.098,4,203750
36,37,37,Bling Bling (Oro),Guè Pequeno,649775,0UyV3ehXT0z3wzkuW7fSxo,0.693,0.731,10,-6.149,0,0.0372,0.0412,0.000119,0.0812,0.419,97.959,4,208507
37,38,38,My Life Is Going On - Burak Yeter Remix,Burak Yeter,626486,2qzyXvxqBlOx4BUzbTzPvu,0.836,0.769,11,-5.15,0,0.0578,0.0152,0.0709,0.0865,0.576,100.012,4,226278
38,39,39,Le parole lontane,Måneskin,617629,1ABG6ke9SdUK9YayVafbcX,0.635,0.573,2,-4.114,0,0.0279,0.397,0,0.133,0.403,125.946,4,204933
39,40,40,Te Boté - Remix,Nio Garcia,613080,3V8UKqhEK5zBkBb6d6ub8i,0.903,0.675,11,-3.445,0,0.214,0.542,1.28e-05,0.0595,0.442,96.507,4,417920
40,41,41,Fame,Nayt,611821,3WQJd5uYQ40Qlol1Q8pIpe,0.914,0.766,9,-7.707,0,0.0861,0.524,0,0.123,0.676,115.001,4,224000
41,42,42,Nera,Irama,595705,6Lc0La3OwOmAouQjbID4uX,0.767,0.819,0,-5.114,1,0.105,0.136,0,0.165,0.799,133.997,4,174147
42,43,43,Fotografia (feat. Francesca Michielin & Fabri Fibra),Carl Brave,590467,3fw3W15QK6a9UxJGgndtYu,0.707,0.539,0,-5.321,0,0.169,0.0438,0,0.0959,0.423,167.125,4,221413
43,44,44,Uno squillo,Capo Plaza,589825,7zivIUyCw9MmYftdcayXnN,0.801,0.724,1,-5.038,0,0.397,0.0586,0,0.0736,0.679,98.97,4,208813
44,45,45,Guarda Come Flexo 2,MamboLosco,586427,6PX2GtCt8YJzOQ4ulJM41k,0.843,0.528,1,-8.722,1,0.0657,0.061,4.52e-05,0.0617,0.459,140.05,4,178645
45,46,46,"Bella Giornata (prod. Dogslife, Mago del blocco) (feat. Dogslife & Mago del Blocco)",OG Eastbull,562631,76xea5TfeyVu8c4dGWpFD2,0.744,0.68,7,-4.98,1,0.332,0.627,4.44e-06,0.117,0.801,132.013,4,181368
46,47,47,Solo Te E Me (feat. Giulia Jean),GionnyScandal,558658,7zPr2eaVerEShHQ36BHQTD,0.484,0.669,4,-5.77,0,0.0501,0.0968,0,0.0849,0.273,159.79,4,204187
47,48,48,Sogni appesi,Ultimo,557612,2HgBmx6tfhRO417ahshpeQ,0.732,0.428,9,-9.654,1,0.119,0.904,0,0.137,0.639,127.413,4,212864
48,49,49,Modalità Aereo (feat. Luchè & Marracash),Guè Pequeno,535446,6rvSAESqueLmDe00pudWtr,0.737,0.676,6,-5.018,1,0.0789,0.182,5.16e-06,0.174,0.656,147.892,4,190480
49,50,50,"thank u, next",Ariana Grande,531703,2rPE9A1vEgShuZxxzR2tZH,0.724,0.647,1,-5.642,1,0.0658,0.28,0,0.102,0.435,106.96,4,207333
50,51,51,Amore e Capoeira,Takagi & Ketra,527485,5Vwqy3CS2aCB6jcgm1qWfk,0.827,0.697,11,-4.368,0,0.142,0.122,0,0.044,0.836,118.083,4,172455
51,52,52,"Zero - From the Original Motion Picture ""Ralph Breaks The Internet""",Imagine Dragons,512849,0cDwUAF7yQrOLRcFfJpSc2,0.634,0.653,6,-7.515,1,0.032,0.000452,0.000987,0.115,0.26,90.012,4,210935
52,53,53,Nuvola,Side Baby,491483,3ju5ga918R7mZhtUrbTd2E,0.821,0.438,0,-7.532,1,0.0726,0.329,0.000894,0.0836,0.147,128.029,4,214219
53,54,54,Ne è valsa la pena (feat. Ghali),Capo Plaza,488925,6GTCOWvhjvdk4pwlfrSjNO,0.593,0.654,5,-4.509,0,0.218,0.115,0,0.231,0.405,120.388,5,234600
54,55,55,Malibu,Vegas Jones,486287,08AN0HMXNr3DGGDCOWsTAw,0.809,0.544,0,-7.319,0,0.227,0.0753,0,0.0836,0.284,125.876,4,211519
55,56,56,Cocaina,Emis Killa,485924,3LuuuNvULPU1GOfSg0HG62,0.735,0.743,2,-4.551,1,0.131,0.0175,0,0.311,0.358,139.949,4,208526
56,57,57,Thunderclouds,Sia,484525,2c7GlMNmF7pbohjykutmLP,0.691,0.716,7,-5.985,1,0.0351,0.0085,9.06e-06,0.263,0.507,112.035,4,187027
57,58,58,Moonlight,XXXTENTACION,473288,0JP9xo3adEtGSdUEISiszL,0.921,0.537,9,-5.723,0,0.0804,0.556,0.00404,0.102,0.711,128.009,4,135090
58,59,59,Bulldozer,JUNIOR CALLY,471795,0KL5dwKffAA5SeD58pfBEp,0.753,0.826,7,-3.174,1,0.12,0.0451,0,0.067,0.395,127.941,4,150000
59,60,60,Jackie Chan,Tiësto,470716,4kWO6O1BUXcZmaxitpVUwp,0.747,0.834,3,-2.867,0,0.045,0.374,0,0.0586,0.687,128.005,4,215760
60,61,61,Felicità puttana,Thegiornalisti,468704,695AOnYHYnvHIMaTNKjkA5,0.692,0.856,0,-4.816,1,0.127,0.00763,1.89e-05,0.305,0.686,93.975,4,219807
61,62,62,Peace & Love,Charlie Charles,467139,4BGmYEDOK1swwoxTtfmVZD,0.68,0.785,8,-5.313,1,0.0615,0.14,0,0.309,0.319,152.962,4,182745
62,63,63,Youngblood,5 Seconds of Summer,466258,2iUXsYOEPhVqEBwsqP70rE,0.596,0.854,7,-5.114,0,0.463,0.0169,0,0.124,0.152,120.274,4,203418
63,64,64,La musica non c'è,Coez,459415,7MMJa7cjMadOSR6CFWvB1x,0.747,0.498,0,-6.674,1,0.0353,0.381,0,0.712,0.53,135.919,4,222787
64,65,65,Mwaka Moon - Remix,Kalash,458867,1OGORI9Hx45AEYqxkndMhN,0.768,0.556,1,-7.146,0,0.0739,0.0942,1.42e-05,0.107,0.24,155.07,4,237179
65,66,66,Porto Cervo,Lazza,456837,0TAt3c8KXb1D3sWT8ENar8,0.855,0.666,10,-4.581,0,0.104,0.2,0,0.0885,0.758,100.006,4,235425
66,67,67,Si chiama gioia,JUNIOR CALLY,453848,6EdWGU1xuFXJ14QTM62f4I,0.729,0.86,8,-4.766,0,0.146,0.109,0,0.091,0.335,115.98,4,126207
67,68,68,Be Alright,Dean Lewis,453639,3EPXxR3ImUwfayaurPi3cm,0.553,0.586,11,-6.319,1,0.0362,0.697,0,0.0813,0.443,126.684,4,196373
68,69,69,Trova un modo,Alessandra Amoroso,449969,2OhD2CM731aBTpRACnAM4q,0.671,0.78,6,-4.363,1,0.0872,0.681,0,0.119,0.48,132.044,4,226933
69,70,70,SAD!,XXXTENTACION,445339,3ee8Jmje8o58CHK66QrVC2,0.74,0.613,8,-4.88,1,0.145,0.258,0.00372,0.123,0.473,75.023,4,166606
70,71,71,La stella più fragile dell'universo,Ultimo,441202,3iHqUSg0LBRxAF5CzjBK9y,0.584,0.261,7,-8.293,1,0.0569,0.912,0,0.134,0.34,137.354,4,226000
71,72,72,Keanu Reeves (feat. Achille Lauro),Gemitaiz,440278,1MGXWglFoINJdrcp2W0U0w,0.811,0.59,4,-7.794,1,0.0437,0.0267,9.93e-06,0.111,0.166,102.709,4,209791
72,73,73,Hands Up (feat. DNCE),Merk & Kremont,438512,0nlyO7lNTOYB0gjDp7NI7H,0.755,0.725,4,-2.877,0,0.0673,0.115,0,0.16,0.558,107.996,4,165785
73,74,74,Immortale (feat. Vegas Jones),Måneskin,437514,7lMTjV6AkHGVdQpu3fLn48,0.778,0.91,2,-2.603,1,0.114,0.192,0,0.363,0.335,129.957,4,151187
74,75,75,Claro,Emis Killa,433916,6W2f9IsLo8nLFw301YjrrY,0.788,0.89,7,-4.539,1,0.0889,0.0215,0,0.157,0.455,130.069,4,224050
75,76,76,Non Abbiamo Età,Luche,432279,0NwuXciw6eQc4edjwSBnV3,0.372,0.689,6,-4.711,1,0.243,0.0522,0,0.154,0.191,193.259,4,181661
76,77,77,Balla,Zoda,425875,1ex3YwDpPLF2JeA8ZgPBto,0.451,0.844,3,-4.95,0,0.106,0.436,0,0.104,0.481,79.934,4,200777
77,78,78,Ci entro dentro,JUNIOR CALLY,424892,1owkr9YvUTwP6RaLMgNnjU,0.68,0.802,9,-4.405,1,0.124,0.0957,0,0.23,0.293,150.018,4,144200
78,79,79,Fumo bianco,Chadia Rodriguez,424448,54ivBWjaiBH5W2fAVYV1k3,0.746,0.751,10,-5.375,0,0.0414,0.226,2.48e-06,0.121,0.258,141.963,4,251831
79,80,80,Nero Bali,Elodie,415853,2hygc41DOo6dGocHEk6Jx1,0.638,0.836,6,-5.756,0,0.0362,0.017,0,0.286,0.629,116.045,4,183773
80,81,81,Solo (feat. Demi Lovato),Clean Bandit,406106,6kPJZM97LwdG9QIsT7khp6,0.737,0.636,11,-4.546,0,0.0437,0.0441,6.66e-05,0.35,0.565,105.005,4,222653
81,82,82,Without Me,Halsey,401758,5p7ujcrUXASCNwRaWNHR1C,0.752,0.488,6,-7.05,1,0.0705,0.297,9.11e-06,0.0936,0.533,136.041,4,201661
82,83,83,Moscow Mule,Benji & Fede,400630,1Lfjom9CoL5hIyvjYey9zs,0.644,0.757,10,-4.575,1,0.134,0.526,0,0.167,0.856,110.074,4,179760
83,84,84,Da zero a cento,Baby K,397912,4cQR1R25cpABjPMzpybNSQ,0.605,0.641,3,-6.119,0,0.0655,0.0231,0,0.145,0.781,184.088,4,206195
84,85,85,Dope 2,Emis Killa,396915,4AsvicHWhsUfzPWPiC31cF,0.465,0.744,2,-6.191,1,0.385,0.0602,0,0.108,0.284,84.036,4,171723
85,86,86,Let You Love Me,Rita Ora,395212,6xtcFXSo8H9BZN637BMVKS,0.531,0.854,10,-3.149,1,0.198,0.288,0,0.0773,0.456,94.419,4,190000
86,87,87,Torna Da Me,Luche,387467,5iSHLCuc0K3pUW16b7sSP4,0.626,0.557,4,-5.541,0,0.0339,0.658,0,0.236,0.785,120.034,4,180010
87,88,88,Faccio Quello Che Voglio,Fabio Rovazzi,380162,3ZSiGHNkkWgFInQqPEP0xb,0.899,0.485,1,-12.466,0,0.0966,0.169,0.000235,0.0843,0.618,122.033,4,200656
88,89,89,I Love It (& Lil Pump),Kanye West,377176,4S8d14HvHb70ImctNgVzQQ,0.901,0.522,2,-8.304,1,0.33,0.0114,0,0.259,0.329,104.053,4,127947
89,90,90,Pifferaio magico,JUNIOR CALLY,376723,3Y9AAqSPSXt9388DtgoMr1,0.785,0.847,4,-3.528,0,0.188,0.391,0,0.188,0.705,139.994,4,175929
90,91,91,Universale,Benji & Fede,371409,3A20rdsGLvHVAxrkGtrUTu,0.647,0.702,7,-4.933,1,0.0374,0.0337,0,0.37,0.582,139.015,4,174533
91,92,92,Splash,Dark Polo Gang,369157,3plul4vw51AF1e8FRykm96,0.709,0.772,1,-4.248,1,0.104,0.0263,0,0.139,0.422,125.053,4,181624
92,93,93,Sunflower - Spider-Man: Into the Spider-Verse,Post Malone,366624,1A6OTy97kk0mMdm78rHsm8,0.753,0.498,2,-5.61,1,0.0504,0.551,0,0.0706,0.927,89.95,4,158053
93,94,94,BEBE,6ix9ine,365787,7ATATJztoWLcqDAcVVof0C,0.635,0.902,0,-3.559,1,0.109,0.172,0,0.125,0.286,102.063,4,217822
94,95,95,Venom - Music From The Motion Picture,Eminem,360409,2SL6oP2YAEQbqsrkOzRGO4,0.749,0.794,0,-5.063,1,0.064,0.0193,0,0.543,0.46,135.959,4,269554
95,96,96,Sh*t Blvd,Måneskin,359173,0njCMF5v4zYAtNe3tkaRSC,0.709,0.714,11,-3.821,0,0.0447,0.0943,0,0.101,0.671,103.897,4,202667
96,97,97,Mondiale,Emma,356047,5fTKAR6oTTtzCEEjxFb0SA,0.554,0.449,6,-11.269,1,0.0281,0.438,0,0.0827,0.517,77.971,4,214353
97,98,98,Natural,Imagine Dragons,354671,4zIO3ilp5HvTeK3HJHxhMP,0.448,0.612,2,-6.106,1,0.0708,0.216,0,0.08,0.213,97.773,4,189467
98,99,99,PERDONAMI,Salmo,352813,7kK2m2KDEL0W8oFq6fuOcf,0.661,0.853,1,-2.287,1,0.272,0.107,0,0.0852,0.655,76.499,4,135294
99,100,100,Supereroe,Emis Killa,351615,7uRwfVTXZRSOEpruUyXWMb,0.742,0.925,10,-4.754,1,0.0987,0.275,0,0.381,0.455,156.062,4,226237
100,101,101,Ti dedico il silenzio,Ultimo,350757,6GLmGfALwjzCaOiHwgfU7g,0.661,0.443,8,-9.303,1,0.0688,0.175,0,0.177,0.147,80.0,4,234250
101,102,102,Valzer,JUNIOR CALLY,350537,6lArfY3X98kkGCmnEq6BHG,0.708,0.724,7,-5.152,0,0.0494,0.147,0,0.0906,0.322,132.024,4,163864
102,103,103,I Like It,Cardi B,349843,58q2HKrzhC3ozto2nDdN4z,0.816,0.726,5,-3.998,0,0.129,0.099,0,0.372,0.65,136.048,4,253390
103,104,104,Falling Down - Bonus Track,Lil Peep,348243,0Dn40gxVCMo5TkgS8Ik18Q,0.669,0.574,4,-6.442,0,0.0286,0.0175,0.00294,0.146,0.273,120.013,4,196400
104,105,105,Sempre In Due,Carl Brave x Franco126,347454,6ElWuGFrYbsf2mdHWUoGCk,0.596,0.758,9,-7.049,0,0.0802,0.0835,0,0.147,0.551,77.474,4,190452
105,106,106,Better Now,Post Malone,347050,7dt6x5M1jzdTEt8oCbisTK,0.68,0.578,10,-5.804,1,0.04,0.331,0,0.135,0.341,145.038,4,231267
106,107,107,Ricchi x Sempre,Sfera Ebbasta,345111,0kHTkvGavvk2MjBTSUtOZx,0.599,0.734,3,-7.568,0,0.413,0.196,0,0.187,0.133,211.842,4,223787
107,108,108,La stessa,Alessandra Amoroso,342117,6ZOsBNvsw48kvmUFDet8tK,0.485,0.731,4,-3.403,1,0.102,0.478,0,0.129,0.409,101.163,4,226213
108,109,109,SICKO MODE,Travis Scott,339508,2xLMifQCjDGFmkHkpNLD9h,0.834,0.73,8,-3.714,1,0.222,0.00513,0,0.124,0.446,155.008,4,312820
109,110,110,Toy Boy,Dark Polo Gang,339369,7CoEfOFe6fmJ2IIkTxQ2EK,0.737,0.833,9,-4.025,1,0.0414,0.0894,1.36e-05,0.143,0.4,134.975,4,200699
110,111,111,Dedica,JUNIOR CALLY,339204,4s4OIQ8itFou2Y9GMVsABK,0.552,0.757,10,-7.251,0,0.381,0.156,0,0.487,0.841,110.394,4,141409
111,112,112,Kiss and Make Up,Dua Lipa,337973,13hvHEstJ4sNbzdroPrPI3,0.675,0.729,8,-4.383,1,0.146,0.0557,0,0.189,0.63,99.986,4,190560
112,113,113,Claro (feat. Tony Effe & Prynce),Guè Pequeno,336451,56f4pUF10wZMmGtjtw569u,0.881,0.688,4,-6.922,0,0.22,0.266,0.00197,0.12,0.324,112.056,4,126947
113,114,114,Questa nostra stupida canzone d'amore,Thegiornalisti,334928,1Kw6V4wiZKTVwLZ5YcYJR3,0.509,0.672,0,-5.477,1,0.0363,0.238,0,0.125,0.425,78.084,4,249418
114,115,115,Voglio,Marco Mengoni,333302,6hRumL1qKeQXroT8pZSJfc,0.672,0.888,4,-3.967,0,0.0481,0.0122,7.09e-05,0.142,0.695,103.032,4,199428
115,116,116,Don't Leave Me Alone (feat. Anne-Marie),David Guetta,331097,2zy9TMoZlYGuCNY4TLqG24,0.694,0.617,4,-7.838,0,0.0469,0.177,0,0.11,0.496,127.928,4,183747
116,117,117,Cupido (feat. Quavo),Sfera Ebbasta,330621,0dLToDou8YHYJpQltj3Ijy,0.803,0.695,4,-5.164,0,0.0413,0.0622,0,0.105,0.458,119.978,4,210107
117,118,118,Solletico (feat. Tedua & The Night Skinny),Rkomi,329871,6gan8nbS78t2sUy0M9UpAX,0.554,0.724,1,-6.537,1,0.187,0.0493,0,0.1,0.34,148.526,4,186067
118,119,119,Lucifero (prod. Yazee),Nitro,327949,7gY3qneACKqhzMD5jBo6Zq,0.899,0.732,0,-7.064,0,0.111,0.0476,5.02e-05,0.106,0.698,125.006,4,180600
119,120,120,Purple Rain (feat. Gemitaiz & Frenetik&Orang3),Achille Lauro,322160,0PpB4YTfszDRmQxLirA4pM,0.728,0.656,11,-6.228,0,0.122,0.14,0,0.175,0.485,104.018,4,159240
120,121,121,El Dorado,JUNIOR CALLY,322041,7jyB5h6b2AM1svAki0G16R,0.692,0.812,3,-6.182,0,0.0743,0.101,0,0.145,0.685,149.922,4,157200
121,122,122,"Thoiry Remix (Samba Trap Vol. 3 - Mitraglia Rec) (feat. Gemitaiz, Quentin40 & Puritano)",Achille Lauro,320164,2l9XbXBbKoEfc1JdCvSz4n,0.685,0.834,7,-3.782,1,0.233,0.0419,0,0.332,0.601,123.892,4,174920
122,123,123,Fear for Nobody,Måneskin,319774,7t3fuKd5h73oppjIgkxZ25,0.821,0.773,11,-3.631,0,0.0487,0.0184,0,0.074,0.962,128.827,4,150827
123,124,124,British,Dark Polo Gang,319699,3JEvpERjiUoFXZO1BUc2dv,0.833,0.597,9,-5.547,1,0.146,0.00594,0.000498,0.0467,0.295,95.979,4,191648
124,125,125,FEFE (feat. Nicki Minaj & Murda Beatz),6ix9ine,319264,2E124GmJRnBJuXbTb4cPUB,0.931,0.387,1,-9.127,1,0.412,0.088,0,0.136,0.376,125.978,4,179405
125,126,126,Peter Pan - Vuoi volare con me?,Ultimo,316157,3qbMJGhSNdeKdz407PA6x4,0.606,0.424,2,-6.668,1,0.0405,0.318,0,0.0888,0.245,139.797,4,226542
126,127,127,Bandita,Jake La Furia,312442,1AxEMGsutOIbDzZnvj0yaj,0.859,0.892,11,-3.58,0,0.154,0.0841,0,0.105,0.514,93.012,4,204516
127,128,128,Rise,Jonas Blue,310604,3u1S1OmAUhx5DRlLrXqyp3,0.69,0.784,1,-4.653,1,0.032,0.323,0,0.203,0.669,106.066,4,194408
128,129,129,New Song,Måneskin,310591,7pgF8R3LBSoYGR4JtN9fTn,0.8,0.79,5,-2.357,1,0.0899,0.0383,0,0.046,0.827,122.987,4,213720
129,130,130,Italiana,J-AX,310294,0ptaq4BSl6jrXfGyLzJjYE,0.686,0.744,5,-7.122,0,0.111,0.0302,0,0.0486,0.637,121.839,4,174173
130,131,131,In My Feelings,Drake,310048,2G7V7zsVDxg1yRsu7Ew9RJ,0.835,0.626,1,-5.833,1,0.125,0.0589,6e-05,0.396,0.35,91.03,4,217925
131,132,132,Veleno 6,MadMan,302508,7GfXjqXD9aBvDoBdZ7EwPH,0.753,0.846,2,-6.846,1,0.0936,0.193,0,0.29,0.636,147.871,4,205126
132,133,133,Lasciami stare,Måneskin,300197,6v4QuZeVN7Z3gq1goSRbfc,0.669,0.972,11,-2.158,0,0.0767,0.0841,0,0.0429,0.883,98.68,4,169427
133,134,134,ZEZE (feat. Travis Scott & Offset),Kodak Black,299012,7l3E7lcozEodtVsSTCkcaA,0.861,0.637,8,-5.692,0,0.24,0.0515,3.35e-06,0.0967,0.474,98.044,4,228654
134,135,135,Eastside (with Halsey & Khalid),benny blanco,298590,0d2iYfpKoM0QCKvcLCkBao,0.56,0.68,6,-7.648,0,0.321,0.555,0,0.116,0.319,89.391,4,173800
135,136,136,Giovane fuoriclasse,Capo Plaza,298347,60muwbD6E61lEYQSnEYlLc,0.715,0.703,1,-5.01,1,0.15,0.507,0,0.0855,0.0972,133.116,4,221973
136,137,137,Are You Ready?,Måneskin,295127,2Du09hJBFkE49xA4JqWvXS,0.713,0.873,5,-2.933,1,0.0545,0.0268,0,0.108,0.522,103.019,4,153947
137,138,138,Capelli rossi,JUNIOR CALLY,293360,605RbNVhtMmyIF45RFkD9X,0.451,0.868,2,-5.226,1,0.2,0.0486,0,0.281,0.33,118.058,4,201992
138,139,139,One Kiss (with Dua Lipa),Calvin Harris,292228,7ef4DlsgrMEH11cDZd32M6,0.791,0.862,9,-3.24,0,0.11,0.037,2.19e-05,0.0814,0.592,123.994,4,214847
139,140,140,Acqua Calda E Limone (feat. Ernia),Rkomi,290882,2OIXm3ZM0pbSXQYrq9C5RN,0.581,0.68,5,-7.746,0,0.264,0.147,0,0.551,0.309,99.788,4,201027
140,141,141,"These Days (feat. Jess Glynne, Macklemore & Dan Caplen)",Rudimental,288032,5CLGzJsGqhCEECcpnFQA8x,0.653,0.809,0,-4.057,1,0.0474,0.194,0,0.165,0.55,92.213,4,210773
141,142,142,All I Am,Jess Glynne,286557,5GNjiM8jZCgbqjHklAcT9e,0.755,0.682,0,-4.799,1,0.0339,0.0265,0,0.189,0.498,122.049,4,219040
142,143,143,changes,XXXTENTACION,285415,7AFASza1mXqntmGtbxXprO,0.669,0.308,11,-10.068,1,0.029,0.883,0,0.0984,0.52,64.934,4,121887
143,144,144,Rum,JUNIOR CALLY,285033,30Cmtqq371wUsPn3mvD04F,0.809,0.765,10,-4.8,0,0.0816,0.0333,0,0.168,0.642,128.0,4,131836
144,145,145,Zero stare sereno,Thegiornalisti,281710,5MCOAQ3gNReN6bZqrg4ZV6,0.642,0.938,4,-3.674,1,0.053,0.0212,0,0.0833,0.282,115.956,4,195427
145,146,146,Rockstar,Sfera Ebbasta,274589,3js3wKPw8VxBWtcXtwyUnA,0.798,0.627,9,-6.234,1,0.111,0.263,0,0.211,0.762,149.989,4,195947
146,147,147,when the party's over,Billie Eilish,272880,14JzyD6FlBD5z0wV5P07YI,0.498,0.104,1,-14.08,0,0.0621,0.979,7.86e-05,0.0895,0.205,124.001,3,199931
147,148,148,Irraggiungibile (feat. Federica Carta),Shade,271966,03PDOt4cRKQgpYfA9I9wnC,0.653,0.797,11,-4.489,1,0.0391,0.416,0,0.177,0.71,128.215,4,211992
148,149,149,Sopra,Gazzelle,271141,1x57LE6Ci3tGBrkDt2tFZS,0.582,0.717,2,-4.186,1,0.0274,0.0965,1.42e-05,0.398,0.227,116.975,4,193573
149,150,150,Ipernova,Mr.Rain,269926,1TaSkLG2bXx84YuKmJvncw,0.547,0.638,1,-8.318,1,0.0491,0.195,0,0.107,0.569,100.655,4,177867
150,151,151,Sciroppo (feat. DrefGold),Sfera Ebbasta,269135,4VVG3HBGaqSNZqIpmewIA6,0.777,0.721,6,-6.097,1,0.0719,0.0774,0,0.0801,0.665,161.976,4,205013
151,152,152,Adios,Emis Killa,268399,0s4jZrI4JfgFqf637JqBZA,0.658,0.843,9,-5.373,0,0.254,0.096,0,0.218,0.512,119.903,4,192607
152,153,153,Racconterò di te,Ultimo,268093,1c1f9Xtqp0dwUkXYndACqe,0.624,0.58,2,-6.852,1,0.211,0.797,0,0.1,0.173,80.327,4,204634
153,154,154,Senza cuore & senza nome,Emis Killa,264603,5Q8rYh7lFHzzdSzJdy4oTF,0.449,0.815,7,-5.263,0,0.352,0.012,0,0.119,0.209,176.588,4,174313
154,155,155,Serpenti A Sonagli,Sfera Ebbasta,263326,5Z0Mx6SeUAFA2rgZB9t1Nu,0.68,0.613,5,-5.998,0,0.063,0.182,0,0.113,0.282,150.04,4,194173
155,156,156,Come fossimo cowboy,Emis Killa,262644,54o1G7sQQfdWjLAI4KJ2AW,0.639,0.576,5,-7.256,1,0.108,0.0835,0,0.128,0.128,100.269,4,195164
156,157,157,Quella foto di noi due,Emis Killa,261520,10hc6GvyWhe2E48PAfQrdD,0.745,0.56,11,-6.766,1,0.103,0.251,0,0.114,0.564,129.948,4,194979
157,158,158,Allenamento #2,Capo Plaza,260980,2z3sYBYhLhsGTOKZe5vkcM,0.866,0.514,1,-9.317,0,0.503,0.333,0,0.103,0.0534,80.009,4,151422
158,159,159,Shotgun,George Ezra,259038,4ofwffwvvnbSkrMSCKQDaC,0.672,0.735,5,-4.733,1,0.0457,0.286,0,0.242,0.754,115.741,4,201287
159,160,160,Sweet but Psycho,Ava Max,256281,25sgk305KZfyuqVBQIahim,0.719,0.704,1,-4.724,1,0.0476,0.0691,0,0.166,0.628,133.002,4,187436
160,161,161,Mille strade,Emis Killa,255640,15BbP2LwE19MqI2uacrJFx,0.691,0.625,7,-7.148,0,0.0643,0.118,0,0.192,0.224,124.954,4,211915
161,162,162,Open Water,Emis Killa,255461,3kGxtPDusqTr6r2N5k25t1,0.604,0.575,1,-8.249,0,0.543,0.172,0,0.215,0.258,140.103,4,185599
162,163,163,Lucid Dreams,Juice WRLD,255453,0s3nnoMeVWz3989MkNQiRf,0.511,0.566,6,-7.23,0,0.2,0.349,0,0.34,0.218,83.903,4,239836
163,164,164,IDGAF,Dua Lipa,254771,76cy1WJvNGJTj78UqeA5zr,0.836,0.544,7,-5.975,1,0.0943,0.0403,0,0.0824,0.51,97.028,4,217947
164,165,165,Tappeto volante,JUNIOR CALLY,253246,56wWFgecmXLGP3Lm1peNeP,0.741,0.639,10,-7.0,1,0.379,0.313,0,0.116,0.266,122.927,4,169878
165,166,166,Zingarello,Ghali,251821,12tAWUo1yKx0FRuEhYZjxQ,0.904,0.671,7,-4.442,1,0.154,0.115,0,0.194,0.524,137.037,4,187883
166,167,167,Lo Sai Che Ci Penso,Gemitaiz,251776,6qE4ocLpaSUkWYrcpbPN7Z,0.727,0.526,7,-8.377,1,0.0794,0.081,0,0.184,0.468,147.849,4,180347
167,168,168,rockstar (feat. 21 Savage),Post Malone,251729,0e7ipj03S05BNilyu5bRzt,0.585,0.52,5,-6.136,0,0.0712,0.124,7.01e-05,0.131,0.129,159.801,4,218147
168,169,169,Chic,Izi,248457,7jUJ2RmT4PFHHq4goMWqm3,0.471,0.628,2,-6.197,0,0.187,0.269,0,0.195,0.19,129.996,4,212640
169,170,170,Jocelyn Flores,XXXTENTACION,247976,7m9OqQk4RVRkw9JJdeAw96,0.872,0.391,0,-9.144,0,0.242,0.469,4.13e-06,0.297,0.437,134.021,4,119133
170,171,171,Non cambierò mai,Capo Plaza,246151,1PB00xFcBdahfUcJIkB8wG,0.448,0.797,11,-4.279,0,0.387,0.134,0,0.0966,0.0746,72.342,4,208920
171,172,172,Malibu (feat. Gemitaiz),Carl Brave,244659,5S2Bshrq6Bh4zHZoXkUtvf,0.766,0.839,7,-5.994,1,0.194,0.193,0,0.102,0.47,108.967,4,216107
172,173,173,Woman Like Me (feat. Nicki Minaj),Little Mix,243308,6rrTr2HEAzlpC4KWZxF3S1,0.757,0.849,5,-3.424,0,0.0536,0.173,0,0.0878,0.826,150.036,4,228207
173,174,174,Flames,David Guetta,242543,66BjcDhhwWCcQIBxHMpKXh,0.631,0.649,5,-5.892,0,0.0385,0.0817,3.8e-06,0.0934,0.421,93.95,4,194680
174,175,175,Simba,Ernia,241994,69d3X2Nv5AWHUeTktfOqpV,0.752,0.5,1,-7.143,1,0.142,0.038,0.00231,0.11,0.43,97.963,4,199000
175,176,176,Giù da me,Capo Plaza,241773,06VV1e6OgFMG2XSxsnRxxM,0.811,0.728,10,-4.584,0,0.303,0.316,0,0.0947,0.205,132.952,4,180653
176,177,177,scuol4,tha Supreme,241638,6ukVfkwkTlQvfvD477n0qr,0.756,0.622,9,-6.619,0,0.107,0.113,0,0.0196,0.831,102.0,3,170294
177,178,178,Taste (feat. Offset),Tyga,241574,5IaHrVsrferBYDm0bDyABy,0.884,0.559,0,-7.442,1,0.12,0.0236,0,0.101,0.342,97.994,4,232959
178,179,179,El Party,Jake La Furia,240652,19LRRuiMQ8a9jhqSf8jVip,0.672,0.804,6,-5.746,0,0.0344,0.00387,0,0.0577,0.57,123.986,4,211418
179,180,180,Crazy,Lost Frequencies,240178,2hqy4QmpvMeVz6zeolDeLQ,0.7,0.763,2,-5.07,1,0.163,0.432,9.55e-05,0.104,0.449,115.1,4,153391
180,181,181,Sin Pijama,Becky G,237385,2ijef6ni2amuunRoKTlgww,0.791,0.745,11,-3.695,0,0.0464,0.354,2.93e-05,0.104,0.82,94.014,4,188560
181,182,182,REMEDY,Alesso,237114,6jreFSOTUAViWjKyzOC4Kg,0.601,0.775,0,-4.612,1,0.0473,0.269,0,0.0883,0.483,119.964,4,190295
182,183,183,Lucky You (feat. Joyner Lucas),Eminem,236956,60SdxE8apGAxMiRrpbmLY0,0.876,0.786,10,-4.884,0,0.306,0.0627,0,0.127,0.575,153.068,4,244679
183,184,184,We Can Do Better,Matt Simons,236701,1hLjLWrzO18acdCFcccFWk,0.629,0.686,8,-4.851,1,0.0626,0.0365,2.37e-05,0.0709,0.731,91.05,4,179896
184,185,185,Niente da dire,Måneskin,235879,4HfPwYsjGAOWtwVvYPBAad,0.754,0.817,2,-2.28,1,0.181,0.217,0,0.118,0.63,94.853,4,156520
185,186,186,Bastardi Senza Gloria (feat. Noyz Narcos),Guè Pequeno,235019,2ssOc4e6FAIneETAB2fQZK,0.765,0.831,6,-5.088,0,0.202,0.0909,0,0.0647,0.805,87.0,4,156720
186,187,187,Le luci della città,Coez,234900,381VH1JFj9q08V1OMlPU5m,0.582,0.544,7,-6.591,1,0.0362,0.393,2.18e-06,0.135,0.142,129.933,4,177267
187,188,188,Stasera,Ultimo,234185,4LJNZtJg636sRlvUubZ6ra,0.546,0.386,0,-10.284,1,0.0731,0.552,0,0.303,0.301,115.145,4,244423
188,189,189,Nisida,Capo Plaza,231832,4xQKBnkP60odQCJaEEwB1g,0.866,0.448,1,-10.226,1,0.328,0.0492,0,0.0784,0.342,119.974,4,236000
189,190,190,Ulalala,Achille Lauro,231609,2NTxalkIR7Yz1nl5iIFWAz,0.688,0.656,0,-5.487,0,0.0757,0.288,0,0.12,0.57,111.043,4,264971
190,191,191,Sister (Pastiglie),Chadia Rodriguez,231214,3PJFpY6SkQ0juJAn77PZgK,0.743,0.649,2,-6.165,1,0.0768,0.0357,0,0.0834,0.28,149.967,4,227200
191,192,192,Faccio un casino,Coez,231051,6qNXkVk19OYLu4CoqjDfZ0,0.742,0.49,7,-6.482,1,0.0513,0.562,0,0.191,0.509,82.994,4,193624
192,193,193,Perfect,Ed Sheeran,231010,0tgVpDi06FyKpA1z0VMD4v,0.599,0.448,8,-6.312,1,0.0232,0.163,0,0.106,0.168,95.05,3,263400
193,194,194,E Fumo Ancora - Acoustic Version,Mostro,228960,13pPMF0wN7r19IU8vV2igc,0.485,0.564,0,-10.308,0,0.438,0.834,0,0.0956,0.282,183.519,4,233858
194,195,195,Ovunque tu sia,Ultimo,225146,5SdYb5G6YbYDgS7jMRqPOQ,0.721,0.533,7,-8.498,1,0.0972,0.476,0,0.109,0.413,115.919,4,199659
195,196,196,L'eternità (Il mio quartiere) (feat. Ultimo),Fabrizio Moro,224340,4VSrTlLWl6jmNHnfa7vWtG,0.534,0.71,0,-6.063,1,0.0344,0.255,0,0.124,0.199,79.874,4,226660
196,197,197,Sabbia,Ultimo,224093,5UepF3Bi2vhTJacaM3a5cO,0.623,0.733,1,-6.28,1,0.377,0.162,0,0.081,0.452,146.267,4,218630
197,198,198,Casa Mia (feat. Luchè & Capo Plaza),Noyz Narcos,223797,6NnO2rbViEDhX6wewADukc,0.465,0.738,1,-7.872,1,0.375,0.142,0,0.335,0.289,188.133,4,162160
198,199,199,Paracetamolo,Calcutta ,223117,4OQ1G3dyVx0SPUzBiWCNat,0.634,0.452,11,-6.387,0,0.0301,0.0642,0,0.236,0.383,143.075,4,178053
199,200,200,Non Ti Dico No,Boomdabash,222880,07Xuc7SQU2GAJY6Gnt93ub,0.658,0.742,8,-6.17,1,0.12,0.0434,0,0.246,0.798,171.939,4,191263
