,index,Position,Track Name,Artist,Streams,ID,danceability,energy,key,loudness,mode,speechiness,acousticness,instrumentalness,liveness,valence,tempo,time_signature,duration_ms,genre
0,1,1,Ma belle,Moha La Squale,1894610,3Aq1SJ1hWlfazx8IIC6u1D,0.739,0.656,0,-5.516,1,0.0578,0.764,3.8e-06,0.0896,0.47,82.011,4,158276,none
1,2,2,Elle est bonne sa mère,Vegedream,1552951,7j56bK7gq6iV7zsD6lbP4J,0.787,0.741,4,-5.484,0,0.0592,0.329,1.88e-05,0.341,0.466,105.0,4,196880,none
2,3,3,Loco Contigo (feat. J. Balvin & Tyga),DJ Snake,1523037,6osaMSJh9NguagEDQcZaKx,0.694,0.758,11,-2.986,1,0.218,0.278,1.34e-06,0.102,0.371,192.091,4,185195,none
3,4,4,Nique la BAC,Lorenzo,1521657,4VzalpjiHHK5cKSgrZuNjg,0.952,0.891,5,-5.719,0,0.337,0.0374,0.0,0.0862,0.701,116.054,4,147293,none
4,5,5,Señorita,Shawn Mendes,1504221,6v3KW9xbzN5yKLt9YKDYA2,0.759,0.548,9,-6.049,0,0.029,0.0392,0.0,0.0828,0.749,116.967,4,190800,none
5,6,6,Tricheur,Nekfeu,1317581,7C7GtWZmyicqjBDbAWPsCp,0.758,0.638,1,-7.984,0,0.253,0.407,0.0,0.178,0.188,137.981,4,248467,none
6,7,7,Médicament,Niska,1202354,55mCsKCo4bPuYtZvHppp8z,0.665,0.653,6,-6.686,0,0.0893,0.693,0.0,0.0769,0.381,157.38,3,198857,none
7,8,8,Old Town Road - Remix,Lil Nas X,1173522,2YpeDb67231RjR0MgVLzsG,0.878,0.619,6,-5.56,1,0.102,0.0533,0.0,0.113,0.639,136.041,4,157067,none
8,9,9,Damdamdeo,Lorenzo,1133206,1r7Uste80NvDFq2ejM2K5D,0.932,0.784,6,-7.045,1,0.139,0.322,0.0,0.0824,0.75,138.165,4,185040,none
9,10,10,Problèmes,PLK,1082395,5Q9gwUMjyhkgrQCB3EzIEZ,0.616,0.565,11,-8.935,0,0.0622,0.392,0.0,0.201,0.597,86.678,4,189340,none
10,11,11,Toujours plus,Lorenzo,1056317,2j3OKdwiMwLQUXHYJ5v1y8,0.863,0.551,2,-7.16,1,0.459,0.54,0.0,0.373,0.765,150.089,4,171147,none
11,12,12,Power Rangers,Lorenzo,1004586,2WZ09SXfgwAdBXB0KYK6ec,0.77,0.794,1,-5.022,1,0.0931,0.284,0.000151,0.301,0.911,151.986,4,168373,none
12,13,13,Compliqué,Dadju,996984,2On7uB8PN8JJmBNsms8unQ,0.536,0.752,1,-6.556,1,0.0586,0.524,0.0,0.196,0.939,76.217,4,213799,none
13,14,14,Four,Koba LaD,935362,3kxl1E1Y43M4vgckXfrSgk,0.656,0.633,4,-6.856,0,0.322,0.333,1.21e-05,0.1,0.423,99.598,3,175012,none
14,15,15,Soleil,Roméo Elvis,931099,5SNfvgi4TUwx4Si0lFn3G2,0.702,0.766,4,-6.578,0,0.172,0.259,0.0,0.174,0.512,124.011,4,172293,none
15,16,16,Bitch (feat. Vald),Lefa,924688,65hdAdd1skq94ecWH4vfJI,0.783,0.663,8,-7.884,0,0.312,0.602,0.0,0.519,0.58,75.046,4,235827,none
16,17,17,JCVD,Jul,923775,10iesoGb4mCYTcur1QfdO9,0.847,0.83,7,-5.873,0,0.034,0.479,2.54e-06,0.068,0.895,130.05,4,194267,none
17,18,18,Maman ne le sait pas (feat. Niska),Ninho,884733,5c2HadbVTsMKjja4gohEFI,0.755,0.875,7,-5.944,0,0.193,0.399,0.0,0.115,0.393,145.008,4,203301,none
18,19,19,RR 9.1,Koba LaD,872018,28fP6qcMGPfYOjrx8AOWFn,0.942,0.564,2,-6.293,1,0.407,0.0703,0.0,0.078,0.393,126.069,4,200507,none
19,20,20,MBK Rocket,Lorenzo,861840,3aleQrFycCdgq6DpxEPBKn,0.848,0.577,8,-7.117,1,0.432,0.459,0.0,0.0552,0.876,75.009,4,132387,none
20,21,21,Tes parents (feat. Ninho),Leto,856317,0G0ZyEQyc3IBcRnYCvtTwb,0.833,0.688,0,-7.3,0,0.245,0.256,0.0,0.373,0.534,125.022,4,214320,none
21,22,22,Kekchose,Lorenzo,851051,1jkQ86kN8w0KKUV2bHJcfN,0.876,0.795,1,-5.592,1,0.343,0.176,1.9e-05,0.0512,0.704,84.97,4,162920,none
22,23,23,Nous deux,Lorenzo,843236,5WcW7qcdyPgCrteSgFYSxa,0.825,0.918,9,-4.993,0,0.199,0.215,0.0,0.127,0.429,108.002,4,173107,none
23,24,24,Hola Señorita,Maître Gims,842455,5vLEmh5EolySKTvXsyWSOg,0.588,0.796,0,-3.945,0,0.262,0.386,0.0,0.198,0.546,192.128,4,206853,none
24,25,25,Summer Days (feat. Macklemore & Patrick Stump of Fall Out Boy),Martin Garrix,812578,40OMBMYRk5IQL6xCzGM0JA,0.661,0.723,5,-6.976,0,0.0566,0.179,1.23e-05,0.14,0.316,113.778,4,163805,none
25,26,26,Dance Monkey,Tones And I,812470,1rgnBhdG2JDFTbYkYRZAku,0.825,0.593,6,-6.401,0,0.0988,0.688,0.000161,0.17,0.54,98.078,4,209755,none
26,27,27,La vie qu'on mène,Ninho,808392,0Jh6iWjna1wk5le0Ahn7No,0.8,0.756,7,-4.4,0,0.0367,0.687,2.06e-06,0.111,0.456,113.204,3,193444,none
27,28,28,Du lundi au lundi,Niska,801891,2rJwZ2hpAm35mpqf5Ceuh9,0.814,0.63,2,-6.779,1,0.247,0.287,2.3e-05,0.0696,0.393,130.91,4,164987,none
28,29,29,Dans l'univers,Nekfeu,783597,2PYXOG6GdxF9sUIH2NfOAD,0.64,0.419,11,-9.962,1,0.168,0.326,0.000271,0.137,0.202,131.936,4,244320,none
29,30,30,Impec,Lorenzo,773630,3OD2mvxW9oxfcSZFm7Eb4B,0.83,0.723,7,-5.446,1,0.159,0.236,0.0,0.338,0.685,122.875,4,176827,none
30,31,31,L'odeur du charbon,Dosseh,762924,6atrzNHhWlXTolcIKAjSq2,0.813,0.524,0,-8.66,1,0.118,0.576,0.0,0.24,0.612,133.974,4,220960,none
31,32,32,Voyage auditif,Lorenzo,757237,7blCa3xM3E8sHOjMSOS6nk,0.581,0.706,1,-8.545,0,0.546,0.0724,5.64e-06,0.415,0.404,120.057,4,260267,none
32,33,33,Sexto,Lorenzo,749422,504JJmqZZnsfeWz8nKHKia,0.839,0.669,9,-5.957,0,0.24,0.154,0.0,0.131,0.912,160.026,4,172733,none
33,34,34,Cheum,Nekfeu,738166,5dkSQ8ExtSaS5diqiQosOk,0.872,0.613,9,-4.884,1,0.32,0.273,0.0,0.0818,0.343,139.885,4,196027,none
34,35,35,Pookie,Aya Nakamura,733674,2QpUWi6VSNOt2WyH5FIeLD,0.912,0.598,6,-7.718,0,0.0877,0.0718,1.12e-06,0.0892,0.533,98.006,4,180840,none
35,36,36,Nana,Lorenzo,731594,3at8iNHLzE5EizkFWoQzCK,0.755,0.737,11,-5.77,0,0.0505,0.207,0.0,0.116,0.753,145.961,4,226653,none
36,37,37,Parler de quoi,Lorenzo,728789,1I2R0JFkRH4c2BX0y7PMDA,0.874,0.73,10,-5.843,0,0.361,0.661,0.0,0.244,0.736,126.013,4,188533,none
37,38,38,I Don't Care (with Justin Bieber),Ed Sheeran,721159,0hVXuCcriWRGvwMV1r5Yn9,0.798,0.676,6,-5.041,1,0.0442,0.0902,0.0,0.0894,0.843,101.956,4,219947,none
38,39,39,Au DD,PNL,705090,5lCxlSBFyP5g4EhVypAoOu,0.777,0.698,6,-7.706,0,0.0704,0.293,2.32e-05,0.0908,0.119,119.963,4,247161,none
39,40,40,Piece Of Your Heart,MEDUZA,699595,1DFD5Fotzgn6yYXkYsKiGs,0.677,0.744,10,-6.806,0,0.0295,0.0404,0.00016,0.074,0.631,124.08,4,152913,none
40,41,41,Passa passa (#BooskaMechant),Niska,690505,2AFEY781u68sON4BTSPJz4,0.758,0.711,1,-5.28,1,0.233,0.127,1.03e-06,0.0976,0.173,150.057,4,182548,none
41,42,42,Pumpidup,Lorenzo,669373,79KFxE3XWq2kf3eB3ALzAL,0.618,0.78,6,-4.97,1,0.184,0.0516,0.0,0.22,0.436,76.566,4,128947,none
42,43,43,Papers (feat. Ninho),Zola,662523,3vmoC735YdyvsrF0HtbmGn,0.896,0.532,8,-6.823,1,0.257,0.431,1.35e-05,0.221,0.614,133.904,4,173320,none
43,44,44,Don't Call Me Up,Mabel,654449,5WHTFyqSii0lmT9R21abT8,0.674,0.881,9,-2.853,1,0.147,0.296,3.01e-06,0.0793,0.234,98.994,4,178480,none
44,45,45,Zemër,Soolking,645500,68av1mZz0VsIYXJWATZWUW,0.782,0.864,11,-2.918,0,0.053,0.299,0.0,0.0876,0.941,156.989,4,224713,none
45,46,46,Goutte d'eau,Ninho,640072,0rQbvQpjQ6QeeCAnVRzokf,0.683,0.693,5,-6.441,0,0.127,0.647,0.0,0.121,0.322,137.826,4,157184,none
46,47,47,Con Calma,Daddy Yankee,638989,5w9c2J52mkdntKOmRLeM2m,0.737,0.86,8,-2.652,0,0.0593,0.11,1.94e-06,0.0574,0.656,93.989,4,193227,none
47,48,48,Aristocrate,Heuss L'enfoiré,638095,7gNlaZaMIjRUfnAYd9Dvmt,0.935,0.613,1,-6.241,0,0.0662,0.268,3.1e-06,0.0956,0.626,116.943,4,169733,none
48,49,49,Lalala,Y2K,637580,51Fjme0JiitpyXKuyQiCDo,0.843,0.391,2,-7.899,1,0.0845,0.181,0.0,0.137,0.496,129.972,4,160627,none
49,50,50,Soldi,Mahmood,628726,4szQkW1CDHqbRZGltXJdd3,0.729,0.589,3,-9.871,0,0.0483,0.0361,0.0,0.305,0.349,95.065,4,195133,none
50,51,51,Elle pleut,Nekfeu,620535,4kqsT3yDyJr1KZ2AkM9qfD,0.62,0.375,8,-11.064,1,0.455,0.724,2.86e-06,0.125,0.226,92.641,4,286520,none
51,52,52,HÉ OH,Gambi,615304,1bWafkUCOp6luXRs1cm3w9,0.832,0.591,7,-5.481,1,0.148,0.0684,0.000394,0.196,0.537,105.001,4,178416,none
52,53,53,bad guy,Billie Eilish,609363,2Fxmhks0bxGSBdJ92vM42m,0.701,0.425,7,-10.965,1,0.375,0.328,0.13,0.1,0.562,135.128,4,194088,none
53,54,54,China,Anuel AA,608454,2ksOAxtIxY8yElEWw8RhgK,0.786,0.808,7,-3.702,1,0.0882,0.0846,0.000289,0.0822,0.609,105.027,4,301714,none
54,55,55,Someone You Loved,Lewis Capaldi,599685,7qEHsqek33rTcFNT9PFqLf,0.501,0.405,1,-5.679,1,0.0319,0.751,0.0,0.105,0.446,109.891,4,182161,none
55,56,56,Juste un soir,Lorenzo,594425,4MHUqTX9oZUyqupiIqaYAK,0.924,0.835,8,-5.614,0,0.262,0.0473,0.0,0.178,0.632,132.028,4,172640,none
56,57,57,Flou,Angèle,586968,3b89BehicGUgc60pLBo092,0.682,0.52,5,-9.623,0,0.0589,0.697,5.44e-06,0.265,0.468,112.965,4,196920,none
57,58,58,Ah c'est cool,Lorenzo,582849,5hcDAi1VfJf8SL5Yh84LIN,0.793,0.719,1,-5.092,0,0.107,0.249,4.61e-06,0.11,0.262,129.818,4,149627,none
58,59,59,Let Me Down Slowly,Alec Benjamin,580192,2qxmye6gAegTMjLKEBoR3d,0.652,0.557,1,-5.714,0,0.0318,0.74,0.0,0.124,0.483,150.073,4,169354,none
59,60,60,Balance ton quoi,Angèle,579605,2jX5c5RFp0A9E1GDsvGxIa,0.703,0.442,0,-10.383,1,0.0823,0.594,2.39e-05,0.276,0.381,115.932,4,189480,none
60,61,61,Blanka,PNL,572794,295SxdR1DqunCNwd0U767w,0.798,0.564,2,-5.98,1,0.047,0.23,1.83e-05,0.183,0.394,108.004,4,254218,none
61,62,62,GLAIVE,Booba,570792,4kgHfnWMk3rK5upoZgJrFr,0.667,0.825,9,-4.237,1,0.391,0.427,0.0,0.297,0.866,78.685,4,116178,none
62,63,63,Bénéfice max,Djadja & Dinaz,564530,2tA1UUhk2WH3wI1nAXSNBc,0.763,0.516,10,-7.082,0,0.0557,0.00398,0.0,0.142,0.483,131.985,4,196364,none
63,64,64,Putana,Ninho,541583,5oePa8PlOTPAlRaGs2OZ3A,0.717,0.774,2,-6.927,0,0.0515,0.313,0.0,0.129,0.511,103.849,4,184800,none
64,65,65,Monster,LUM!X,539359,0YU17F0BlVXvmx5ytsR43w,0.83,0.794,8,-6.279,0,0.432,0.0253,0.0248,0.106,0.607,128.16,4,154226,none
65,66,66,Intro,Lorenzo,533261,2tetDANaMNATarLbK6JAoV,0.704,0.856,1,-7.143,0,0.467,0.294,0.0,0.952,0.698,90.014,4,98507,none
66,67,67,Goodbyes (Feat. Young Thug),Post Malone,533101,6vBdBCoOhKHiYDDOcorfNo,0.58,0.653,5,-3.818,1,0.0745,0.447,0.0,0.111,0.175,150.231,4,174960,none
67,68,68,Quotidien,Koba LaD,529695,2abVYMtriZHHIDGFZFT5ij,0.827,0.626,7,-7.744,0,0.202,0.261,0.0,0.193,0.674,139.973,4,194067,none
68,69,69,Arc-en-ciel,Booba,527756,07qHCBBSRswIsfs0waYdjC,0.583,0.418,5,-10.898,0,0.0451,0.799,0.0,0.109,0.357,129.915,4,169846,none
69,70,70,Never Go Back,Dennis Lloyd,521001,2QrXzOqLCVDRZHkToA0tSR,0.421,0.653,9,-4.85,0,0.398,0.0135,0.0,0.114,0.733,78.6,4,175424,none
70,71,71,Beautiful People (feat. Khalid),Ed Sheeran,519968,70eFcWOvlMObDhURTqT4Fv,0.64,0.647,5,-8.114,0,0.186,0.124,0.0,0.0801,0.546,92.979,4,197867,none
71,72,72,Tel Me,Jul,519846,4ml7hnH3FtGeUDMhzVmnrj,0.841,0.668,11,-6.802,0,0.16,0.366,1.28e-05,0.103,0.736,73.991,4,199707,none
72,73,73,Les étoiles vagabondes,Nekfeu,512804,01dqWNKgM2ujxu7HacaQwI,0.776,0.469,11,-6.375,0,0.423,0.36,0.0,0.156,0.445,79.968,4,234053,none
73,74,74,Binks,100 Blaze,510169,1kX5NXQDQbvqhxvisCv1Ok,0.861,0.636,5,-6.713,1,0.0701,0.334,0.0,0.102,0.445,122.064,4,206760,none
74,75,75,Revolver rose,Lorenzo,506904,5YaZGWsaVTAW13MwPxuCRp,0.673,0.635,5,-5.926,0,0.37,0.36,0.0,0.118,0.604,174.032,4,203427,none
75,76,76,Les méchants,Heuss L'enfoiré,506189,0r64LBR8RlnXcdd5HTFubd,0.675,0.626,6,-5.648,0,0.303,0.362,0.0,0.0999,0.512,192.011,4,192773,none
76,77,77,Pardon maman,RK,502187,3lcji9p6PgHYftz88p9SW4,0.752,0.758,5,-5.344,0,0.181,0.657,0.0,0.148,0.765,146.081,4,203184,none
77,78,78,Matin,Koba LaD,483425,3COpbW4W1Qab0ZqiHZxdjv,0.734,0.588,4,-8.345,0,0.234,0.423,0.0,0.124,0.581,124.128,4,215880,none
78,79,79,Mirador,Kezah,481725,4j5Bb0saeXmiz62XIZjcHj,0.832,0.747,1,-4.957,0,0.052,0.225,3.86e-06,0.0412,0.789,99.986,4,168000,none
79,80,80,Calma - Alan Walker Remix,Pedro Capó,472240,1aSarrHE1TK9vSmyozuo4K,0.811,0.601,2,-6.846,1,0.117,0.0973,0.0,0.059,0.577,127.082,4,193973,none
80,81,81,Jazz,Eva,453745,2cJb7E0M81nAKl4tkZS3v9,0.74,0.572,6,-6.537,0,0.0702,0.0292,0.0,0.0771,0.386,159.971,4,198960,none
81,82,82,Alunissons,Nekfeu,447402,67bPDXCsUNsxyNnNg3jYGO,0.37,0.328,3,-11.58,0,0.0488,0.821,0.000433,0.199,0.232,134.549,4,278333,none
82,83,83,boyfriend (with Social House),Ariana Grande,446984,0Ryd8975WihbObpp5cPW1t,0.4,0.795,10,-3.731,0,0.461,0.119,0.0,0.159,0.702,190.097,4,186107,none
83,84,84,Higher Love,Kygo,443686,6oJ6le65B3SEqPwMRNXWjY,0.693,0.678,8,-7.159,1,0.0324,0.0154,6.05e-06,0.101,0.404,103.952,4,228267,none
84,85,85,Trop beau,Lomepal,443349,4WB9OeauHXnGOMUK4s80gM,0.748,0.66,4,-6.034,0,0.0404,0.295,5.56e-06,0.0883,0.324,123.902,4,244587,none
85,86,86,Le coach (feat. Vincenzo),Soprano,442918,1RighqmKZNqLP9rklJ4HCz,0.909,0.797,5,-4.827,0,0.208,0.155,0.0,0.166,0.834,128.064,4,200187,none
86,87,87,Allez reste (feat. Vianney),Boulevard des Airs,439556,1QjKfNGfDuMiVuF8x7cj0R,0.788,0.679,1,-7.013,1,0.141,0.088,0.000141,0.118,0.536,119.036,4,188973,none
87,88,88,Birds,Imagine Dragons,438187,6Tvzf3VEi16JMhAgOwdt2y,0.649,0.517,1,-7.428,0,0.0297,0.0146,1.63e-06,0.145,0.35,119.997,4,219440,none
88,89,89,Rappelle-toi,Naps,434431,6dgLDzgL0JYxFr3PjppsnS,0.862,0.75,5,-7.267,0,0.0566,0.474,0.0,0.087,0.867,139.986,4,191253,none
89,90,90,Ransom,Lil Tecca,425738,1kBbgxAUc4HQv7cgIayIDH,0.745,0.642,7,-6.257,0,0.287,0.0204,0.0,0.0658,0.226,179.974,4,131280,none
90,91,91,How Do You Sleep?,Sam Smith,417845,6b2RcmUt1g9N9mQ3CbjX2Y,0.477,0.682,1,-4.931,0,0.0925,0.153,0.0,0.0763,0.345,110.567,5,202205,none
91,92,92,Possédé,Djadja & Dinaz,413751,6g8Waa9vcFQP1FElldjfRr,0.73,0.587,4,-6.972,0,0.0562,0.193,0.0,0.0844,0.791,134.958,4,269659,none
92,93,93,Instagram,Dimitri Vegas & Like Mike,411393,0U6bQIAh6MCGo1xjbIIx2S,0.765,0.906,8,-2.097,0,0.0965,0.125,0.0,0.423,0.95,96.071,4,184558,none
93,94,94,JTC,Kalash,410546,2IlBgMGbkKDfu7qveyT9AB,0.87,0.503,0,-8.516,0,0.288,0.41,0.0,0.301,0.585,146.092,4,188415,none
94,95,95,San Pellegrino,Chily,410134,30Mqfip5b5lCDpCLRvsrTq,0.729,0.715,6,-5.58,0,0.264,0.171,0.0,0.282,0.45,139.934,4,200120,none
95,96,96,Khapta,Heuss L'enfoiré,407260,6stxV2bl7xSiPUornxwyNR,0.811,0.692,4,-2.836,0,0.105,0.00937,0.0,0.0598,0.817,125.009,4,162907,none
96,97,97,Madrina,Maes,405199,4miiqu2dxOhBguQDHtqssH,0.736,0.797,11,-5.168,0,0.0579,0.178,0.0192,0.36,0.713,122.984,4,220213,none
97,98,98,Ken Kaneki,Nekfeu,401601,08QXSGwwI8Qu4IQEV3AfM6,0.697,0.633,7,-6.983,1,0.0793,0.552,0.0,0.128,0.716,139.074,4,162960,none
98,99,99,Le temps est bon,Bon Entendeur,399029,0xh5kFdNkx6h7K1z7XpDqX,0.56,0.68,3,-5.681,1,0.0797,0.24,3.54e-05,0.375,0.591,98.05,4,203160,none
99,100,100,C'est pas grave,Columbine,398589,7MPC1qtCR74fdc9jNdFHeH,0.747,0.605,0,-6.257,1,0.0733,0.188,5.85e-06,0.1,0.473,99.955,4,161360,none
100,101,101,Menteur menteur,Nekfeu,393275,27MoaZnyF4chxovDTuIKol,0.864,0.701,8,-7.146,1,0.132,0.36,0.0,0.105,0.833,137.98,4,225427,none
101,102,102,Côte Ouest,47ter,392886,5Q8gCS68FITJDiWnedMejb,0.749,0.593,8,-7.96,1,0.144,0.56,0.0,0.16,0.613,76.032,4,233973,none
102,103,103,Billets verts,Maes,389501,3uTNli5uz5rNOqD6qZFi8L,0.664,0.573,1,-8.727,1,0.0825,0.658,3.35e-06,0.129,0.39,154.043,4,169880,none
103,104,104,Oh la folle,Marwa Loud,387336,5fW4TKcWuk4hgasD60JyZv,0.93,0.655,0,-5.218,1,0.056,0.391,0.0,0.128,0.777,122.031,4,173184,none
104,105,105,Me Gusta,DTF,385776,3ezXlfmUHipr8A2pH3uNcQ,0.845,0.697,6,-5.779,0,0.174,0.438,0.00362,0.114,0.303,90.028,4,174667,none
105,106,106,Premier pas,Nekfeu,382439,3Q35CdXXoyb2AxDghgadZZ,0.833,0.594,8,-6.794,0,0.383,0.807,0.0,0.341,0.665,131.99,4,153987,none
106,107,107,C’est Elle,Alonzo,381477,7gFue3UseWrimCsI1gdJIE,0.812,0.607,7,-7.919,1,0.308,0.43,0.0,0.144,0.255,126.058,4,201333,none
107,108,108,Tout oublier,Angèle,379356,06O3hxudc6V0BOuoCFSy71,0.692,0.542,11,-7.9,0,0.197,0.493,2.75e-06,0.247,0.285,105.005,4,202120,none
108,109,109,Je M'en Tape,OBOY,378323,4VMWKOG1q8nE4OHjqLHkZn,0.937,0.49,1,-7.398,1,0.118,0.015,0.000193,0.104,0.468,101.565,4,184067,none
109,110,110,MOWGLI II,PNL,378252,1w2OwBeojIZI8hTI5WkMkV,0.729,0.533,9,-10.104,0,0.444,0.747,4.54e-06,0.0848,0.422,155.999,4,225953,none
110,111,111,Old Town Road,Lil Nas X,369536,0F7FA14euOIX8KcbEturGH,0.907,0.53,1,-6.112,1,0.127,0.0578,2.23e-06,0.101,0.507,135.998,4,113000,none
111,112,112,Voyage léger,Nekfeu,369243,5FJUbcs6V1sMuDNw0GM2NQ,0.75,0.557,8,-7.878,0,0.233,0.264,0.0,0.122,0.137,119.968,4,202693,none
112,113,113,1000°C,Lomepal,367972,6l7PqWKsgm4NLomOE7Veou,0.706,0.553,3,-8.056,0,0.112,0.263,3.44e-05,0.111,0.392,102.996,4,235907,none
113,114,114,Sale mood,Bramsito,366709,5TlGrvOMiAltKgRw3anXKo,0.682,0.755,11,-4.503,0,0.0581,0.315,0.0,0.244,0.766,159.94,4,217333,none
114,115,115,bad guy (with Justin Bieber),Billie Eilish,363790,3yNZ5r3LKfdmjoS3gkhUCT,0.67,0.453,0,-11.265,1,0.295,0.252,0.33,0.117,0.68,135.055,4,194840,none
115,116,116,Rescue Me,OneRepublic,362867,0mjAU3yKR1QnXnHtjGJqTM,0.759,0.605,7,-7.737,1,0.0433,0.156,0.0,0.694,0.64,121.049,4,158900,none
116,117,117,What I Like About You (feat. Theresa Rex),Jonas Blue,358463,4NSW0Km5ZG60L8FthUebPJ,0.46,0.8,1,-3.584,1,0.05,0.289,6.16e-06,0.121,0.553,102.46,4,220396,none
117,118,118,South of the Border (feat. Camila Cabello & Cardi B),Ed Sheeran,357223,4vUmTMuQqjdnvlZmAH61Qk,0.857,0.621,9,-6.376,0,0.0825,0.148,0.0,0.0865,0.668,97.989,4,204467,none
118,119,119,Takotsubo,Nekfeu,357139,6La7yrDZgV4kYOk1HrQZvs,0.727,0.537,6,-9.385,0,0.519,0.554,0.0,0.63,0.542,82.282,4,284787,none
119,120,120,All Around The World (La La La),R3HAB,354252,02itaCXOdC54J0ISjqqFAp,0.733,0.859,9,-5.03,0,0.033,0.479,0.0645,0.105,0.52,124.948,4,147840,none
120,121,121,Deux frères,PNL,354244,6hzi3AGB39FjxFqcjgbWs7,0.794,0.659,7,-7.063,0,0.0498,0.143,0.00224,0.0944,0.308,112.019,4,247460,none
121,122,122,Ciel noir,Nekfeu,348028,31uIcE1TppvHBGNgTGYXO1,0.668,0.572,11,-8.462,0,0.242,0.311,2.15e-06,0.195,0.313,107.959,4,253027,none
122,123,123,Ecrire,Nekfeu,345657,7CnlMI3z4COC5WDzkKpeCF,0.72,0.486,11,-10.143,0,0.47,0.688,0.0,0.481,0.322,82.613,4,221253,none
123,124,124,Alibi,Eva,344286,3xpMaHXEDMGxukixMcbfxD,0.896,0.729,4,-4.053,0,0.179,0.0934,0.0,0.0747,0.445,100.086,4,185453,none
124,125,125,Dingue,PLK,342622,4a4cTUsFiyPN8jaHt2xf18,0.675,0.675,8,-4.714,0,0.1,0.149,0.000116,0.307,0.718,164.045,4,177876,none
125,126,126,Mili Mili,inoxtag,341902,42Nzx2VIDp9Se2yWP4qVt5,0.861,0.769,5,-7.013,0,0.101,0.39,0.0,0.262,0.888,130.076,4,162534,none
126,127,127,Kitoko,Eva,340963,2XnjeLLa8kIgYUjNQuJ24v,0.835,0.635,11,-4.63,0,0.103,0.422,0.0,0.0753,0.644,116.112,4,185653,none
127,128,128,Liquide,Shay,340534,7tWc8HZfqJSZoK7uukmw8X,0.715,0.626,1,-5.641,1,0.43,0.307,0.0,0.116,0.818,173.945,4,158295,none
128,129,129,NWR,Maes,332399,4tWVLBZ3EiSqegpf4jBsei,0.702,0.813,3,-6.238,0,0.045,0.352,4.33e-06,0.0914,0.761,157.002,4,198654,none
129,130,130,Promesses,Bigflo & Oli,332354,5qkUZ9gfkILxc135ZOMx1O,0.812,0.703,2,-9.1,0,0.283,0.738,0.0,0.0833,0.506,90.003,4,222347,none
130,131,131,Haut standing,SCH,331723,7iuIofLDxuD3BXmUmStKWR,0.781,0.571,10,-8.623,0,0.141,0.19,4.54e-06,0.0922,0.628,133.871,4,168689,none
131,132,132,Las Vegas,Jok'air,330853,6L2bXG181V9k56XS167r1P,0.603,0.761,10,-5.389,0,0.176,0.147,0.0,0.11,0.616,170.086,4,256716,none
132,133,133,Children,MATTN,329548,1T0t45jhIuaXiCBOTFyUdN,0.576,0.977,5,-3.106,0,0.0392,0.000452,0.00045,0.163,0.235,128.055,4,158438,none
133,134,134,Muerte,Landy,327372,2ekO98VdclK2zGYJYPixcv,0.757,0.722,5,-5.397,0,0.101,0.244,0.0,0.118,0.473,90.948,4,195093,none
134,135,135,Ma guapa,Hös Copperfield,325496,1pV9HAOC2RzQ9mtbykEkl1,0.621,0.82,8,-8.827,0,0.569,0.774,0.00656,0.108,0.618,191.993,4,206414,none
135,136,136,Feu de bois,Damso,324685,4L0Iwsk1s8cbdBcEgdm8K5,0.789,0.633,2,-6.269,1,0.0734,0.256,1.31e-06,0.092,0.262,138.097,4,183307,none
136,137,137,Le bruit qui court,Nekfeu,323954,5w3r6vFKgkji8kpWgW47og,0.813,0.517,3,-9.362,0,0.308,0.536,1.35e-06,0.174,0.416,90.034,4,240907,none
137,138,138,Only Human,Jonas Brothers,323171,0DiDStADDVh3SvAsoJAFMk,0.795,0.496,0,-5.883,1,0.0722,0.108,0.0,0.0645,0.874,94.01,4,183000,none
138,139,139,Narcotic,Younotus,320651,7M9w4C8WenlvWfNRAulZOX,0.749,0.668,10,-5.964,0,0.0608,0.0373,0.000272,0.045,0.366,108.0,4,192387,none
139,140,140,À nos souvenirs,Trois Cafés Gourmands,316664,4h3SqMd5F16XJVdGp5fsZG,0.676,0.856,1,-4.609,0,0.134,0.305,0.0,0.0955,0.455,133.847,4,192990,none
140,141,141,Clic clac (feat. 13 Block),Hamza,313694,7znQW9RxQLTk0hvTWgIrgy,0.926,0.442,8,-9.595,1,0.0791,0.0601,0.0,0.0892,0.352,135.047,4,257713,none
141,142,142,Comme pas deux,PNL,312627,4NGcxBAtvLtbeizQul82iC,0.667,0.629,8,-8.17,1,0.0403,0.133,0.00144,0.0957,0.308,118.976,4,220837,none
142,143,143,Óλά Καλά,Nekfeu,310223,5ugbi9Njjt5PQRqkLXhX2W,0.734,0.382,6,-9.934,1,0.281,0.668,0.0,0.0796,0.489,138.97,4,303200,none
143,144,144,De mon mieux,Nekfeu,309764,7lGTxBDhX0tTx09NhW2HGT,0.717,0.346,5,-10.636,0,0.0973,0.541,3.59e-06,0.107,0.325,123.963,4,228413,none
144,145,145,Ritual,Tiësto,309010,3M9Apu4OZfylLTFKvgEtKa,0.647,0.726,3,-4.389,0,0.0552,0.157,0.0,0.0844,0.767,114.996,4,198996,none
145,146,146,Massa (feat. Mister V),Dinor rdt,308050,3qSorwKiNvpqrT2PrQOUJs,0.967,0.51,4,-9.138,1,0.283,0.0944,0.0,0.066,0.807,125.989,4,175160,none
146,147,147,C'est mon sang,RK,306769,45tz0Mf66Nw7uSPdcOe1Qg,0.792,0.713,8,-5.309,0,0.256,0.366,0.0,0.237,0.557,125.015,4,186918,none
147,148,148,Sous les nuages,Nekfeu,305260,1Fui5N8AtkDRG1Gmpq4Yk2,0.91,0.596,1,-6.368,1,0.304,0.0429,0.0,0.0692,0.538,140.078,4,160467,none
148,149,149,On Fleek,Eva,304237,186HAeS1KdqhztQLq85C24,0.735,0.771,4,-4.63,0,0.0976,0.106,0.0,0.296,0.64,97.015,4,176719,none
149,150,150,En bas (feat. Siboy),4Keus,302846,0raZ9gl4gn6KEB0h93FxMk,0.837,0.681,0,-6.581,0,0.082,0.244,0.0,0.133,0.512,122.01,4,233067,none
150,151,151,Hit Sale (feat. Roméo Elvis),Therapie TAXI,301897,3yndKI4zWEyC36BQYrdKBA,0.573,0.784,9,-5.224,1,0.0591,0.141,0.0,0.0844,0.69,82.009,4,184400,none
151,152,152,LVC,Shotas,299958,1RE1SDPjuilKM6tLIMxTtP,0.877,0.379,2,-11.875,1,0.385,0.142,0.0,0.0997,0.466,126.95,4,226772,none
152,153,153,Shallow,Lady Gaga,299866,2VxeLyX666F8uXCJ0dZF8B,0.572,0.385,7,-6.362,1,0.0308,0.371,0.0,0.231,0.323,95.799,4,215733,none
153,154,154,Kim Jong-il,Ninho,298652,3kNdQLkHijBfHUJTZNy8vn,0.825,0.699,1,-6.917,1,0.378,0.0601,0.0,0.173,0.51,127.818,4,208027,none
154,155,155,Natsukashii,Nekfeu,297262,7yNe6X65ACqvd4MCF2R6TP,0.599,0.567,11,-7.806,0,0.404,0.42,2.93e-05,0.118,0.106,173.908,4,191773,none
155,156,156,"Taki Taki (feat. Selena Gomez, Ozuna & Cardi B)",DJ Snake,294023,0KoiMHhqKLoL4xM54rcWYY,0.842,0.801,8,-4.167,0,0.228,0.157,4.82e-06,0.0642,0.617,95.881,4,212500,none
156,157,157,Émotif (Booska 1H),PLK,291849,1O2mX6MrjsJlkCGEF0TVWL,0.89,0.749,4,-4.761,0,0.0722,0.562,0.0,0.137,0.864,133.99,4,161737,none
157,158,158,Giuseppe,Niska,290489,1XnPRxd67vVxzBCiGLXLxw,0.796,0.731,1,-7.101,0,0.279,0.197,0.0,0.264,0.515,149.972,4,164093,none
158,159,159,91's,PNL,290334,4LAGHmHcSt0HHwXCJcFri6,0.779,0.705,4,-7.834,0,0.0827,0.277,0.0,0.0804,0.228,103.048,4,233597,none
159,160,160,Canal,Dosseh,288641,4ue5wBIDNJelqiHkm1aMWi,0.851,0.65,6,-5.652,1,0.237,0.199,0.0,0.295,0.651,127.019,4,186360,none
160,161,161,Money (feat. Faouzia),Ninho,286982,1NUC8l1gq50VuHzmWRMA2G,0.735,0.804,7,-6.004,1,0.218,0.603,0.0,0.0707,0.614,130.038,3,192000,none
161,162,162,Air Max,Rim'K,286286,0RTvfKVdkt10ATfJ8BjMEI,0.821,0.591,1,-7.338,1,0.459,0.26,0.0,0.102,0.551,141.886,4,205867,none
162,163,163,You Need To Calm Down,Taylor Swift,285541,6RRNNciQGZEXnqk8SQ9yv5,0.771,0.671,2,-5.617,1,0.0553,0.00929,0.0,0.0637,0.714,85.026,4,171360,none
163,164,164,Train de vie,Koba LaD,285242,6FqNHDHEsUTKqVWXBkMd9y,0.742,0.641,0,-5.585,0,0.124,0.216,0.0,0.137,0.418,146.139,4,214520,none
164,165,165,Be Honest (feat. Burna Boy),Jorja Smith,285131,5pAbCxt9e3f81lOmjIXwzd,0.757,0.737,4,-6.728,0,0.114,0.311,0.0,0.113,0.635,98.057,4,207031,none
165,166,166,La Guenav,Gambi,283626,0kH4ZE0SewdiPUUgbQNVSU,0.877,0.558,1,-8.22,1,0.347,0.0337,0.0,0.139,0.262,99.935,4,129217,none
166,167,167,L1 L2,Zola,283572,7ftimUupzPRi0m8z3WaXvw,0.965,0.38,6,-9.191,0,0.451,0.105,0.0,0.0892,0.712,125.051,4,147760,none
167,168,168,Thaïlande,Dosseh,273398,1FkKaz2v65DsN4WlGsgoqu,0.877,0.568,7,-8.145,0,0.287,0.257,0.0,0.173,0.553,124.076,4,224187,none
168,169,169,Monégasque,PLK,273196,52iVuTAP70Gy1Uy9xkr2No,0.722,0.734,6,-4.583,1,0.231,0.416,0.0,0.115,0.613,74.884,4,203553,none
169,170,170,Ça va ça vient,Vitaa,273010,3xbws1uOAaxeTPEviKWONY,0.597,0.71,5,-5.613,0,0.131,0.225,0.0,0.0802,0.544,103.87,4,204160,none
170,171,171,Ma 6t a craqué (feat. Ninho),Kpoint,272740,2KtpMkc1TS1FMwy9FR0gCM,0.816,0.684,11,-8.478,0,0.197,0.473,1.14e-06,0.137,0.815,89.999,3,197597,none
171,172,172,À Kinshasa (feat. Fally Ipupa),Ninho,272666,7bLy8fxBMroDuV0zxwGSn6,0.508,0.768,10,-5.733,0,0.203,0.229,0.0,0.11,0.61,66.57,5,177806,none
172,173,173,Malade,Roméo Elvis,272513,35e7ckbWgHjHI9n3oL6jnd,0.669,0.639,0,-8.534,1,0.0498,0.49,1.4e-06,0.106,0.286,99.604,4,191680,none
173,174,174,Cellophané,Koba LaD,268631,41Rp0dMSgO2QeguHANPsCD,0.769,0.597,11,-7.515,0,0.265,0.338,0.0,0.0812,0.74,142.026,4,203427,none
174,175,175,Mômes,Lomepal,268035,2FRnrkO72S9tbqu6eLjq6b,0.687,0.511,0,-8.148,0,0.184,0.456,2.37e-06,0.116,0.42,149.92,4,176800,none
175,176,176,Hasta la vista,PNL,264700,6YHnhfw8yMCx4vZvsgem3D,0.826,0.76,11,-6.382,0,0.117,0.392,0.0,0.132,0.813,99.974,4,216285,none
176,177,177,J'aime Bien!,Josman,263618,7bg469g8qRoMwFQf6Vleh3,0.879,0.576,6,-7.499,0,0.0438,0.697,0.0,0.0879,0.217,119.978,4,192000,none
177,178,178,Calma - Remix,Pedro Capó,263543,5iwz1NiezX7WWjnCgY5TH4,0.826,0.773,11,-4.218,0,0.0524,0.323,0.0,0.143,0.761,126.899,4,238200,none
178,179,179,Tokyo,Jul,263104,7sYc9YXpzeM7UuuXLK88OA,0.745,0.743,6,-5.699,1,0.0403,0.647,0.00302,0.0859,0.797,142.999,4,211973,none
179,180,180,L'air du temps,Nekfeu,259500,1EmA0Vy52T84bObOEOPWsB,0.957,0.412,5,-10.359,0,0.408,0.47,8.36e-06,0.134,0.654,106.007,4,171627,none
180,181,181,Chanson d'amour,Nekfeu,259448,7liToDBBc4Hqb87F83focF,0.648,0.568,4,-8.814,0,0.203,0.599,0.000487,0.0831,0.556,94.598,4,222947,none
181,182,182,7 rings,Ariana Grande,259266,6ocbgoVGwYJhOv1GgI9NsF,0.778,0.317,1,-10.732,0,0.334,0.592,0.0,0.0881,0.327,140.048,4,178627,none
182,183,183,Avant,GLK,257428,6yd2cfmwQNZ1i7e4p9GSu4,0.788,0.511,4,-6.319,1,0.183,0.353,7.65e-06,0.116,0.217,75.514,4,193293,none
183,184,184,Copines,Aya Nakamura,257413,1Bhm5HNO1cq8olDbBmokyL,0.701,0.787,8,-3.941,0,0.0855,0.27,0.0,0.105,0.904,180.027,4,171720,none
184,185,185,Stars,VIZE,256428,0TId5TSbdcBP32haUV4Aet,0.617,0.847,6,-2.933,1,0.11,0.0292,0.0,0.16,0.345,127.878,4,165469,none
185,186,186,Tchop,KeBlack,254579,4J1Xsr38zb9BjM6QraKLqK,0.461,0.43,0,-8.689,0,0.0453,0.741,0.0,0.109,0.738,101.152,4,201656,none
186,187,187,Rêves bizarres (feat. Damso),Orelsan,254552,7lhuM9WUqdThw72dCBRmQW,0.816,0.652,10,-6.157,0,0.231,0.11,0.0,0.0957,0.736,143.995,4,212609,none
187,188,188,Jamais (feat. Dadju),Ninho,254153,6nIr35G9lVYMcuedV4NY2t,0.596,0.709,4,-6.256,0,0.319,0.492,0.0,0.124,0.333,94.162,4,229123,none
188,189,189,Ramenez la coupe à la maison,Vegedream,253419,1m0UFnuTktOkksvjbF9z0m,0.808,0.661,0,-6.237,0,0.0395,0.0358,0.0,0.138,0.804,107.992,4,235556,none
189,190,190,La bandite,Jul,253265,0goer5e8B6SJaTV2B51k6f,0.845,0.717,5,-6.771,0,0.211,0.666,0.0,0.11,0.686,122.491,4,160893,none
190,191,191,Sur la lune,Bigflo & Oli,251664,78iwevM29hXavHtX1sQekL,0.615,0.657,4,-8.993,1,0.145,0.214,7.94e-06,0.246,0.378,89.594,4,232800,none
191,192,192,Djadja,Aya Nakamura,251559,7sKDftgGirHWTVFMtJoDoh,0.811,0.797,5,-5.428,1,0.165,0.0617,0.0,0.112,0.541,97.988,4,171133,none
192,193,193,Les planètes,M. Pokora,251262,5MYDvUdIBOCX3a42L85kM3,0.679,0.697,6,-7.272,0,0.0637,0.332,0.0013,0.133,0.528,90.974,4,232667,none
193,194,194,Baila Baila Baila,Ozuna,250893,7uH27oIt4a6cIFCA8ZPcyG,0.816,0.754,11,-2.75,0,0.111,0.0361,0.0,0.217,0.533,99.966,4,158400,none
194,195,195,Compte les hommes,Nekfeu,250125,68VamXEOBsKpNvg9rn6K9E,0.659,0.59,1,-7.368,1,0.368,0.266,0.0,0.331,0.561,86.984,4,250947,none
195,196,196,Salvatrucha,Jul,250112,6e7d2cSCiKESCPOyWsiQeT,0.897,0.85,11,-6.036,0,0.314,0.498,2.29e-06,0.0709,0.911,146.005,4,192147,none
196,197,197,Money In The Grave (Drake ft. Rick Ross),Drake,250030,5ry2OE6R2zPQFDO85XkgRb,0.831,0.502,10,-4.045,0,0.046,0.101,0.0,0.122,0.101,100.541,4,205427,none
197,198,198,The London (feat. J. Cole & Travis Scott),Young Thug,248107,3s4mrPrEFFPF0LmAfutW0n,0.784,0.517,4,-8.981,0,0.209,0.0249,1.44e-06,0.155,0.206,97.991,4,200187,none
198,199,199,Gaz,Larry,247474,0br27hgKNVMLyXKS3qjLOu,0.924,0.748,2,-3.645,1,0.188,0.174,0.0,0.207,0.381,121.063,4,209667,none
199,200,200,Sacoche,Larry,245945,4EWzghMNZsqi3xqdutlL1O,0.912,0.678,10,-6.011,0,0.0703,0.00885,5.95e-06,0.265,0.654,130.028,4,186747,none
