,Unnamed: 0,index,Position,Track Name,Artist,Streams,ID,danceability,energy,key,loudness,mode,speechiness,acousticness,instrumentalness,liveness,valence,tempo,time_signature,duration_ms,genre,release date
0,0,1,1,M' Manc (con Geolier & Sfera Ebbasta),Shablo,3888756,0MLu1cFYL4ikdRTdasCQT9,0.703,0.7040000000000001,6,-6.117000000000001,0,0.0641,0.048,0.0,0.41,0.725,139.933,4,180000,Hip-Hop/Rap,2020-06-11
1,1,2,2,Mediterranea,Irama,3768970,47xPl1gvgdx4Z9dNUuloPg,0.711,0.9159999999999999,11,-4.678,1,0.0587,0.113,0.0,0.188,0.79,130.013,4,177810,Pop,2020-05-19
2,2,3,3,Karaoke,Boomdabash,3018547,0D4GpOPInKiPxEfQMchu4p,0.929,0.625,1,-5.728,1,0.14,0.289,1.2e-06,0.386,0.578,122.03,4,156493,Karaoke,2020-06-11
3,3,4,4,Superclassico,Ernia,2740494,6Ahg1hncxUdK0ICqU03BCu,0.623,0.6629999999999999,11,-6.457999999999999,1,0.142,0.0624,4.49e-06,0.0922,0.34600000000000003,149.91,4,172200,Hip-Hop/Rap,2020-06-18
4,4,5,5,Sono un bravo ragazzo un po' fuori di testa,Random,2593679,5EXLYWZGnmYC01H53WUAhi,0.75,0.581,5,-9.957,1,0.128,0.16699999999999998,0.0,0.203,0.624,121.081,4,170579,Pop,2020-06-05
5,5,6,6,"Puro Sinaloa (feat. Tedua, Rkomi & Lazza)",Ernia,2483802,5E75l3Zb0vzdiDNJczr29z,0.45399999999999996,0.75,11,-5.359,0,0.368,0.0113,0.0,0.0468,0.698,89.29299999999999,4,227093,Hip-Hop/Rap,2020-06-18
6,6,7,7,MAMACITA,Black Eyed Peas,2318423,24IgCW19L8lXKyFZwzFtD3,0.88,0.626,2,-7.062,1,0.0473,0.19,0.000755,0.094,0.441,105.01,4,251429,Pop,2020-06-18
7,7,8,8,Good Times,Ghali,2107658,5165XjbVxwq9dQDxNk7hmf,0.7190000000000001,0.736,4,-6.32,0,0.0776,0.0315,0.0,0.0988,0.593,109.02799999999999,4,163073,Pop,2020-05-29
8,8,9,9,Il bacio di Klimt,Emanuele Aloia,1993820,3E1FgPTXX203rgBTD5nlKF,0.685,0.764,9,-4.503,1,0.0664,0.45,0.0,0.22699999999999998,0.315,80.03699999999999,4,177000,Pop,2020-04-21
9,9,10,10,Non Me Ne Frega Un Cazzo (feat. Fabri Fibra),Ernia,1855096,3QGKwtZ2jRvI9AXzIQ2AhP,0.733,0.831,10,-4.449,0,0.303,0.415,2.69e-06,0.16,0.79,93.95299999999999,4,209362,Hip-Hop/Rap,2020-06-18
10,10,11,11,ELEGANTE (feat. Sfera Ebbasta),DrefGold,1827176,7qADAhkEs9vv3ll4hP8ybC,0.794,0.5670000000000001,6,-6.487,0,0.035,0.39899999999999997,3.77e-06,0.0919,0.299,105.98,4,220896,Hip-Hop/Rap,2020-05-21
11,11,12,12,Bimbi Per Strada (Children),Fedez,1798514,6KF78W66DcQ9m5YqR0r5Ig,0.642,0.8059999999999999,5,-5.4510000000000005,0,0.17600000000000002,0.0206,0.0,0.11,0.562,134.002,4,200821,Pop,2020-06-11
12,12,13,13,Vivo,Ernia,1732952,7wv8GkrBxS7S5LguyBP9hA,0.76,0.7090000000000001,1,-6.956,0,0.209,0.0438,0.00016,0.0837,0.444,139.905,4,215143,Hip-Hop/Rap,2020-06-18
13,13,14,14,Morto Dentro,Ernia,1642853,1H9PaGk1HDQGE4Zl9vDCNf,0.7390000000000001,0.799,11,-3.965,0,0.0563,0.14,1.1e-06,0.10300000000000001,0.368,95.01799999999999,4,194526,Hip-Hop/Rap,2020-06-18
14,14,15,15,"TesTa TrA Le NuVoLE, pT. 2",Alfa,1638033,04UtYEP1Jc0GRxbvH1B6Nk,0.568,0.512,3,-7.809,1,0.0735,0.0236,1.1599999999999999e-05,0.11699999999999999,0.604,118.947,4,180000,Pop,2020-05-21
15,15,16,16,Guaranà,Elodie,1615049,1KXpcoggYmNTPCRXIz2m9Z,0.79,0.875,8,-3.59,0,0.131,0.0358,3.37e-05,0.162,0.581,116.964,4,194346,Pop,2020-05-12
16,16,17,17,Spigoli,Carl Brave,1574131,1XQvMjA9IiIx1lAiTHSxQi,0.718,0.703,0,-5.886,0,0.0537,0.145,0.0,0.10400000000000001,0.6679999999999999,132.987,4,256788,Pop,2020-05-12
17,17,18,18,ROCKSTAR (feat. Roddy Ricch),DaBaby,1570124,7ytR5pFWmSjzHJIeQkgog4,0.746,0.69,11,-7.956,1,0.16399999999999998,0.247,0.0,0.10099999999999999,0.49700000000000005,89.977,4,181733,Hip-Hop/Rap,2020-04-17
18,18,19,19,MeryXSempre (feat. Shiva),Ernia,1507272,4n5omnB5GcKuHhkVZWv1Ih,0.5820000000000001,0.529,9,-8.574,0,0.42100000000000004,0.0253,0.0,0.0639,0.65,91.944,4,229333,Hip-Hop/Rap,2020-06-18
19,19,20,20,U2,Ernia,1500024,4gEoAHojf8v3gMpoPI3iT6,0.93,0.642,11,-4.422,0,0.0832,0.201,0.0237,0.135,0.674,126.98,4,164409,Hip-Hop/Rap,2020-06-18
20,20,21,21,Pensavo Di Ucciderti (feat. Luchè),Ernia,1469841,1jlpu4J5gBLoeXWeQ2IxID,0.609,0.722,2,-6.436,0,0.18600000000000003,0.36700000000000005,0.0,0.142,0.521,140.019,4,191357,Hip-Hop/Rap,2020-06-18
21,21,22,22,Ferma A Guardare,Ernia,1450371,2UJFzqzkU6eByT6tdi2iLf,0.552,0.7879999999999999,9,-6.332999999999999,0,0.11,0.423,0.0,0.14800000000000002,0.51,162.037,4,193500,Hip-Hop/Rap,2020-06-18
22,22,23,23,Nena (feat. Geolier & Andry The Hitmaker),Boro Boro,1397168,6TEPwGCSq4XGWu3hnZkC5m,0.78,0.7709999999999999,6,-4.99,0,0.0538,0.0469,0.0,0.1,0.355,102.95200000000001,4,149126,Hip-Hop/Rap,2020-04-09
23,23,24,24,Breaking Me,Topic,1395549,3H7ihDc1dqLriiWXwsc2po,0.789,0.72,8,-5.652,0,0.218,0.223,0.0,0.129,0.664,122.031,4,166794,Dance,2019-12-19
24,24,25,25,Chega,Gaia,1366392,76w5oLSdgYvA0Bt4dTUe0Z,0.838,0.563,9,-6.415,0,0.114,0.583,2.58e-06,0.134,0.764,140.037,4,184707,Pop,2020-05-22
25,25,26,26,Fuoriluogo (feat. Madame),Ernia,1358575,1LElRnF04TONfEaO4R2wqO,0.575,0.672,3,-6.501,0,0.20199999999999999,0.187,0.00028900000000000003,0.342,0.379,92.564,4,182609,Hip-Hop/Rap,2020-06-18
26,26,27,27,Como Llora,Juanfran,1351700,52zq2a71SGs3f1vJuv59ui,0.8270000000000001,0.629,6,-3.966,0,0.185,0.183,0.0,0.084,0.486,88.064,4,187500,Latino,2020-02-07
27,27,28,28,Roses - Imanbek Remix,SAINt JHN,1348984,24Yi9hE78yPEbZ4kxyoXAI,0.77,0.7240000000000001,8,-5.484,1,0.0495,0.0167,0.0107,0.353,0.898,121.975,4,176840,Dance,2019-10-09
28,28,29,29,Fiori di Chernobyl,Mr.Rain,1282398,54PxYcGpSUCmlpGdFGTaYR,0.486,0.619,0,-9.113999999999999,1,0.11800000000000001,0.327,0.0,0.188,0.32,159.815,4,175612,Hip-Hop/Rap,2020-03-13
29,29,30,30,Polvere (feat. Capo Plaza),Tedua,1272351,0ZzXPo0gS5h718w7WErG44,0.48200000000000004,0.483,5,-8.993,0,0.28300000000000003,0.11800000000000001,9.43e-06,0.10400000000000001,0.139,181.945,3,252992,Hip-Hop/Rap,2020-06-05
30,30,31,31,Tusa,KAROL G,1246373,7k4t7uLgtOxPwTpFmtJNTY,0.8029999999999999,0.715,2,-3.28,1,0.298,0.295,0.000134,0.0574,0.574,101.085,4,200960,Urbano latino,2019-11-07
31,31,32,32,death bed (coffee for your head),Powfu,1191124,7eJMfftS33KTjuF7lTsMCx,0.726,0.431,8,-8.765,0,0.135,0.731,0.0,0.696,0.348,144.026,4,173333,Hip-Hop/Rap,2020-02-08
32,32,33,33,Auto Blu,Shiva,1153598,2chEq24EHjyw9Zjmwq0hlS,0.82,0.7829999999999999,5,-6.146,0,0.0621,0.0158,0.0,0.0938,0.653,130.015,4,166087,Hip-Hop/Rap,2020-03-26
33,33,34,34,"Ciclone (feat. Elodie, Mariah, Gipsy Kings, Nicolás Reyes, Tonino Baliardo)",Takagi & Ketra,1064167,2YGqtxaGdML9aM5jCwgRw9,0.728,0.868,2,-5.961,0,0.0503,0.0709,0.0,0.23,0.669,119.99,4,194100,Pop,2020-06-19
34,34,35,35,Cigni,Ernia,1055580,5n0VcwXkygxmn2WqRYvdMi,0.8390000000000001,0.573,4,-7.2139999999999995,0,0.139,0.0919,8.82e-06,0.322,0.8440000000000001,94.12299999999999,4,171064,Hip-Hop/Rap,2020-06-18
35,35,36,36,GOOBA,6ix9ine,1046516,4NhDYoQTYCdWHTvlbGVgwo,0.611,0.688,1,-5.688,1,0.341,0.0264,0.0,0.251,0.39299999999999996,178.46200000000002,4,132303,Hip-Hop/Rap,2020-05-08
36,36,37,37,In Piazza,Paky,1034125,3N0cYpWubd9hAUApJDcLRw,0.8220000000000001,0.63,7,-5.478,1,0.22899999999999998,0.0202,1.17e-05,0.105,0.608,136.99200000000002,4,183802,Rap,2020-06-17
37,37,38,38,Bugie,Ernia,1000032,2MeryGmSLljImDYvkFqKAY,0.733,0.9159999999999999,10,-4.11,0,0.289,0.0513,0.0,0.21600000000000003,0.737,149.793,4,203200,Hip-Hop/Rap,2020-06-18
38,38,39,39,Le Feste Di Pablo (con Fedez),CARA,990302,73x0EIT2YyIxTs3Rpd3n5T,0.7240000000000001,0.66,5,-6.835,1,0.157,0.0294,0.0,0.275,0.5589999999999999,102.036,4,193041,Pop,2020-04-09
39,39,40,40,Una voglia assurda,J-AX,958520,2MLz3Pgc9NwNrMfOlILmKt,0.821,0.7090000000000001,5,-7.407,0,0.0747,0.0199,0.0,0.0416,0.765,109.948,4,174646,Pop,2020-05-29
40,40,41,41,"Rari - feat. Paky, Shiva",Tedua,911294,24UaUs34XY2PDek7j0OEgg,0.7759999999999999,0.853,4,-5.06,0,0.428,0.078,0.0,0.0821,0.29,90.227,4,133963,none,2020-06-12
41,41,42,42,Una volta ancora (feat. Ana Mena),Fred De Palma,892271,6swHvavSroD4ur3Q18MjYz,0.7709999999999999,0.638,8,-5.3420000000000005,1,0.0622,0.0848,0.0,0.10400000000000001,0.591,124.039,4,174291,Hip-Hop/Rap,2019-09-13
42,42,43,43,Ti volevo dedicare (feat. J-AX & Boomdabash),Rocco Hunt,886728,00GxbkrW4m1Tac5xySEJ4M,0.754,0.725,8,-6.058,1,0.0661,0.0104,0.0,0.192,0.271,120.00200000000001,4,208133,Hip-Hop/Rap,2019-08-30
43,43,44,44,Ridere,Pinguini Tattici Nucleari,871133,5LZVK19ieaV8Mk9FsqTL3F,0.713,0.902,9,-3.009,1,0.0378,0.0493,0.0,0.0781,0.72,116.90899999999999,4,214733,Pop,2020-02-07
44,44,45,45,Blinding Lights,The Weeknd,854809,0VjIjW4GlUZAMYd2vXMi3b,0.514,0.73,1,-5.934,1,0.0598,0.00146,9.54e-05,0.0897,0.33399999999999996,171.005,4,200040,R&B/Soul,2020-03-20
45,45,46,46,ily (i love you baby) (feat. Emilee),Surf Mesa,840661,62aP9fBQKYKxi7PDXwcUAS,0.674,0.774,11,-7.567,0,0.0892,0.0686,0.0018800000000000002,0.39299999999999996,0.33,112.05,4,176547,Dance,2019-11-26
46,46,47,47,Toosie Slide,Drake,837277,466cKvZn1j45IpxDdYZqdA,0.83,0.49,1,-8.82,0,0.209,0.289,3.04e-06,0.113,0.845,81.604,4,247059,Hip-Hop/Rap,2020-05-01
47,47,48,48,Autostop,Shade,830384,5ZgeeXOHGYUn0K3kuICyw9,0.746,0.871,6,-4.696000000000001,1,0.0639,0.128,0.0,0.0919,0.48,119.895,4,187375,Dance,2020-06-16
48,48,49,49,Dilemme (with tha Supreme & Mara Sattei),Lous and The Yakuza,817612,1Whf2ZaesM1gXlU0z3Fslt,0.8590000000000001,0.54,5,-6.775,0,0.0825,0.0329,0.0,0.0976,0.5539999999999999,145.02,4,231333,Music Documentaries,2020-04-02
49,49,50,50,16 Marzo (feat. Gow Tribe),Achille Lauro,817588,3nwH3HTFzpnRV5SqM9um3r,0.489,0.611,0,-4.981,1,0.0298,0.215,0.0,0.127,0.22699999999999998,129.929,4,233493,Pop,2020-04-03
50,50,51,51,NEON - Le Ali (feat. Elisa),Marracash,810756,76cEI7LczlKZ1yLAHIoPBJ,0.703,0.47600000000000003,1,-6.157,0,0.0387,0.256,0.0,0.0938,0.292,129.967,4,207084,Hip-Hop/Rap,2020-03-27
51,51,52,52,Missili,Frah Quintale,809421,5dcyltc1ataieXIeTqhH3t,0.706,0.6829999999999999,4,-5.402,0,0.105,0.44299999999999995,0.0,0.313,0.6759999999999999,90.039,4,195349,Pop,2018-06-29
52,52,53,53,Rain On Me (with Ariana Grande),Lady Gaga,805564,7ju97lgwC2rKQ6wwsf9no9,0.672,0.855,9,-3.764,1,0.0397,0.021,0.0,0.32299999999999995,0.6459999999999999,123.056,4,182200,Pop,2020-05-29
53,53,54,54,Lo Sai,Tedua,800196,2fQtrzMUMmnnJ5YxSb55MR,0.83,0.586,9,-6.097,1,0.213,0.0617,0.0,0.106,0.5870000000000001,133.957,4,201345,Hip-Hop/Rap,2020-06-05
54,54,55,55,In Your Eyes,The Weeknd,751889,7szuecWAPwGoV1e5vGu8tl,0.667,0.7190000000000001,7,-5.371,0,0.0346,0.00285,8.1e-05,0.0736,0.7170000000000001,100.021,4,237520,R&B/Soul,2020-03-20
55,55,56,56,Baila Conmigo (feat. Kelly Ruiz),Dayvi,748620,4Clmg1g8n2yBYG13Z1oSdG,0.745,0.972,7,-3.5060000000000002,1,0.0774,0.00903,0.465,0.297,0.556,128.031,4,189818,Pop Latino,2018-12-28
56,56,57,57,Boss Bitch,Doja Cat,746406,78qd8dvwea0Gosb6Fe6j3k,0.7070000000000001,0.955,10,-4.593,0,0.222,0.127,0.0,0.20199999999999999,0.575,125.98899999999999,4,134240,Pop,2020-01-23
57,57,58,58,Party HH - feat. Lazza,Tedua,740588,61koTDrwN9kZQmDhtH7NpM,0.695,0.807,7,-4.427,1,0.257,0.172,0.0,0.155,0.39799999999999996,99.912,4,211500,none,2020-06-05
58,58,59,59,Per sentirmi vivo,Fasma,736924,20v9X8TV0AgwNGFT71OX3w,0.579,0.718,2,-5.05,1,0.293,0.16699999999999998,0.0,0.114,0.21100000000000002,168.27900000000002,4,177880,Hip-Hop/Rap,2020-02-28
59,59,60,60,blun7 a swishland,tha Supreme,735681,7HwvPmK74MBRDhCIyMXReP,0.6920000000000001,0.792,7,-5.984,1,0.245,0.13,0.0,0.255,0.5660000000000001,129.88299999999998,4,167760,Hip-Hop/Rap,2019-11-15
60,60,61,61,Break My Heart,Dua Lipa,721949,017PF4Q3l4DBUiWoXk4OWT,0.73,0.7290000000000001,4,-3.4339999999999997,0,0.0883,0.16699999999999998,1.39e-06,0.349,0.467,113.01299999999999,4,221820,Pop,2020-03-27
61,61,62,62,TKN (feat. Travis Scott),ROSALÍA,718868,4w47S36wQGBhGg073q3nt7,0.7759999999999999,0.509,0,-6.266,0,0.467,0.192,1.49e-06,0.115,0.485,94.634,4,129371,Pop,2020-05-28
62,62,63,63,Te lo prometto,Il Tre,717315,72aqCNAdOo6H4nrPyAivSV,0.804,0.841,10,-5.106,0,0.195,0.14400000000000002,0.0,0.248,0.637,121.949,4,184968,Hip-Hop/Rap,2020-06-18
63,63,64,64,9.3,Mr.Rain,705273,1prey7RGLzP9zS4dk2Y6a8,0.5820000000000001,0.628,0,-6.581,0,0.0428,0.321,0.0,0.0809,0.201,127.77799999999999,4,225937,Hip-Hop/Rap,2020-06-12
64,64,65,65,Boogieman (feat. Salmo),Ghali,699690,58bRZqUPWnpop0WC9ob5wJ,0.8,0.7240000000000001,1,-7.843,1,0.0704,0.0859,0.000254,0.0922,0.35,112.04799999999999,4,159911,Hip-Hop/Rap,2020-05-29
65,65,66,66,El Efecto,Rauw Alejandro,673306,4SJHHpKhcuXwDsCsPqshXj,0.8490000000000001,0.7809999999999999,0,-4.635,0,0.159,0.406,0.0,0.0801,0.893,84.041,4,217143,Urbano latino,2019-03-15
66,66,67,67,Chiasso,Random,664345,76B3Xb8EqIY4NJF5xoNrCH,0.72,0.45,6,-13.285,0,0.196,0.24600000000000002,0.0,0.10099999999999999,0.45399999999999996,91.984,4,182229,Hip-Hop/Rap,2020-06-05
67,67,68,68,Musica (E Il Resto Scompare),Elettra Lamborghini,660710,3Nc7IorgrSffzaQrQWVw4L,0.779,0.835,0,-4.04,1,0.134,0.0217,0.0,0.39299999999999996,0.922,114.98700000000001,4,194606,Urbano latino,2020-02-07
68,68,69,69,Bella così - feat. Federica Carta,Chadia Rodriguez,630732,3XLyyybPY2d8kLiMb8HIyA,0.585,0.768,9,-6.56,0,0.0794,0.0105,0.0,0.12300000000000001,0.142,96.927,4,228247,none,2020-05-22
69,69,70,70,Cacao (feat. Pyrex),Ghali,615400,0lAzr7LGHV1sdcYJfEKNmu,0.915,0.51,1,-5.33,1,0.096,0.0226,0.0,0.304,0.327,124.02799999999999,3,113831,Hip-Hop/Rap,2020-05-29
70,70,71,71,Cin Cin,Alfa,613467,1jJMhPp0Rm6lAi077PXeEQ,0.701,0.634,1,-4.16,1,0.0344,0.261,0.0,0.131,0.371,121.04700000000001,4,180094,Pop,2019-12-13
71,71,72,72,Kings & Queens,Ava Max,611835,76nqCfJOcFFWBJN32PAksn,0.638,0.688,1,-4.056,0,0.0407,0.00775,0.0,0.126,0.434,129.856,4,162399,Pop,2020-03-12
72,72,73,73,Dance Monkey,Tones And I,606401,1rgnBhdG2JDFTbYkYRZAku,0.825,0.593,6,-6.401,0,0.0988,0.688,0.000161,0.17,0.54,98.07799999999999,4,209755,Alternative,2019-05-10
73,73,74,74,Supalonely,BENEE,597531,4nK5YrxbMGZstTLbvj6Gxw,0.863,0.631,7,-4.689,1,0.0534,0.305,3.04e-05,0.12300000000000001,0.8170000000000001,128.977,4,223480,Alternative,2019-11-15
74,74,75,75,Bando,ANNA,594260,0kzGjSRHGVcaWxagzQwAyD,0.97,0.7390000000000001,10,-4.917,0,0.295,0.155,0.0,0.111,0.414,120.061,4,168000,Christmas,2020-01-31
75,75,76,76,Ringo Starr,Pinguini Tattici Nucleari,584759,5yfE6GXTuJaAlepKoE0wJE,0.754,0.925,4,-2.912,0,0.0512,0.304,0.0,0.313,0.857,114.07700000000001,4,183333,Pop,2020-02-07
76,76,77,77,Sultant' a mia,Rocco Hunt,576079,0oa20Wmd4liIjOKS4y5TKB,0.8109999999999999,0.483,5,-9.942,0,0.335,0.47600000000000003,0.0,0.18600000000000003,0.687,149.994,4,148782,Hip-Hop/Rap,2020-06-03
77,77,78,78,Mambo Salentino,Boomdabash,575176,7piIo15vVy3ULGXSpFs5xc,0.9059999999999999,0.662,3,-6.707000000000001,0,0.319,0.248,0.0,0.067,0.863,100.035,4,155414,Pop,2019-06-07
78,78,79,79,Watermelon Sugar,Harry Styles,564802,6UelLqGlWMcVH1E5c4H7lY,0.5479999999999999,0.816,0,-4.209,1,0.0465,0.122,0.0,0.335,0.557,95.39,4,174000,Pop,2019-12-13
79,79,80,80,Party Girl,StaySolidRocky,561108,5RqR4ZCCKJDcBLIn4sih9l,0.728,0.431,6,-9.966000000000001,0,0.0622,0.7490000000000001,0.0,0.0996,0.629,130.02200000000002,4,147800,Hip-Hop/Rap,2020-04-21
80,80,81,81,Dove e quando,Benji & Fede,559896,5XM7tx8ovQ9UrYqUowW1AK,0.763,0.6920000000000001,1,-6.1579999999999995,1,0.0381,0.0931,0.0,0.0644,0.691,124.99799999999999,4,190409,Sports,2019-10-18
81,81,82,82,Rapide,Mahmood,553976,2cf1g08CvDuhwXFqxjetQi,0.442,0.557,0,-7.77,1,0.0711,0.35700000000000004,0.0,0.11,0.124,119.48,4,243625,Pop,2020-01-16
82,82,83,83,Savage Love (Laxed - Siren Beat),Jawsh 685,552506,1xQ6trAsedVPCdbtDAmk0c,0.767,0.48100000000000004,0,-8.52,0,0.0803,0.23399999999999999,0.0,0.26899999999999996,0.7609999999999999,150.076,4,171375,Pop,2020-06-11
83,83,84,84,Me Gusta,Shakira,551872,5Xhqh4lwJPtMUTsdBztN1a,0.775,0.696,1,-5.184,0,0.0681,0.0559,0.0018399999999999998,0.157,0.775,92.007,4,190570,Pop Latino,2020-01-13
84,84,85,85,Manhattan - feat. Wildbandana,Tedua,551673,1ZfOO2GXFZCNJqZFwsiKRL,0.69,0.539,1,-7.461,1,0.161,0.0936,0.0,0.149,0.341,140.111,4,190999,none,2020-06-05
85,85,86,86,Domani ci passa,Ludwig,550087,3elLXGwE5zaREuOzWdlRJ2,0.708,0.736,11,-4.391,1,0.0398,0.0399,0.0,0.44799999999999995,0.7490000000000001,129.959,4,145463,Dance,2019-04-05
86,86,87,87,goosebumps,Travis Scott,542788,6gBFPUFcJLzWGx4lenP6h2,0.841,0.728,7,-3.37,1,0.0484,0.0847,0.0,0.149,0.43,130.049,4,243837,Hip-Hop/Rap,2016-09-16
87,87,88,88,fuck 3x,tha Supreme,542175,5YxP1CkunbhUQVvctFOHa7,0.655,0.8140000000000001,5,-5.472,0,0.0823,0.0698,0.0,0.107,0.69,180.082,4,161266,Hip-Hop/Rap,2019-11-15
88,88,89,89,MALA SANTA,Becky G,538290,5e50NiIlOc2YJIftHzoehd,0.851,0.701,9,-3.6489999999999996,1,0.0396,0.311,0.00021099999999999998,0.163,0.527,98.039,4,173827,Pop Latino,2019-10-18
89,89,90,90,Moonlight Popolare (feat. Massimo Pericolo),Mahmood,530086,2BM0FMNnZCkCMNMqHmKlpJ,0.564,0.769,3,-5.422000000000001,1,0.034,0.0059299999999999995,0.000197,0.212,0.285,91.973,4,215708,Pop,2020-05-14
90,90,91,91,"Colori – feat. Rkomi, Lita",Tedua,529328,1FYMHrbdJxiiF4ur4ZrJy2,0.812,0.6809999999999999,7,-6.321000000000001,0,0.34299999999999997,0.273,0.0,0.0918,0.209,134.909,4,233102,none,2020-06-05
91,91,92,92,Ride It,Regard,528909,2tnVG71enUj33Ic2nFN6kZ,0.88,0.7509999999999999,7,-4.258,0,0.0874,0.177,6.43e-05,0.106,0.884,117.948,4,157606,Dance,2019-07-26
92,92,93,93,SUPREME - L'ego (feat. tha Supreme & Sfera Ebbasta),Marracash,512869,5EpBEqf5bnKeJ3p4zA1Sod,0.6559999999999999,0.6609999999999999,9,-5.888,1,0.0602,0.0686,0.0,0.125,0.509,140.95600000000002,4,223045,Hip-Hop/Rap,2020-03-27
93,93,94,94,AMIRI BOYS (feat. Capo Plaza),Dark Polo Gang,498993,336EcNskIVcF8deRT8m1zY,0.62,0.648,8,-5.672999999999999,1,0.505,0.062,0.0,0.109,0.515,89.995,4,155027,Hip-Hop/Rap,2020-05-07
94,94,95,95,SNITCH E IMPICCI (feat. FSK SATELLITE),DrefGold,494562,5zgyx2vTkJ05b5Y37X95Wy,0.89,0.55,1,-5.631,1,0.16,0.0661,0.0,0.111,0.26899999999999996,126.023,4,202381,Hip-Hop/Rap,2020-05-21
95,95,96,96,THE SCOTTS,THE SCOTTS,488440,39Yp9wwQiSRIDOvrVg7mbk,0.716,0.537,0,-7.648,0,0.0514,0.233,0.0,0.157,0.28,129.97899999999998,4,165978,Hip-Hop/Rap,2020-04-24
96,96,97,97,Blueberry Faygo,Lil Mosey,479759,22LAwLoDA5b4AaGSkg6bKW,0.774,0.5539999999999999,0,-7.909,1,0.0383,0.207,0.0,0.132,0.349,99.03399999999999,4,162547,Hip-Hop/Rap,2020-02-06
97,97,98,98,Lento,Boro Boro,470101,0iRKVjfQzpr41T3WsU7shl,0.6509999999999999,0.8640000000000001,8,-5.7989999999999995,0,0.225,0.37799999999999995,0.0,0.22699999999999998,0.812,181.93599999999998,4,162363,Hip-Hop/Rap,2019-06-07
98,98,99,99,La Story Infinita - feat. Massimo Pericolo,Tedua,466551,6v8BOEmMSoAa81yNLY3E8J,0.747,0.775,10,-5.246,0,0.121,0.107,0.0,0.0732,0.243,95.96600000000001,4,170700,none,2020-06-12
99,99,100,100,SICKO MODE,Travis Scott,465047,2xLMifQCjDGFmkHkpNLD9h,0.8340000000000001,0.73,8,-3.714,1,0.222,0.00513,0.0,0.124,0.446,155.00799999999998,4,312820,Hip-Hop/Rap,2018-08-03
100,100,101,101,JAMBO,Takagi & Ketra,465045,4H5arInh2BLVz94mIibTrv,0.74,0.777,7,-5.425,0,0.163,0.0399,0.0,0.0835,0.767,129.98,4,157024,Pop,2019-05-24
101,101,102,102,Don't Start Now,Dua Lipa,461541,3PfIrDoz19wz7qK7tYeu62,0.7929999999999999,0.7929999999999999,11,-4.521,0,0.083,0.0123,0.0,0.0951,0.679,123.95,4,183290,Electronic,2020-03-27
102,102,103,103,ilomilo,Billie Eilish,460107,7qEKqBCD2vE5vIBsrUitpD,0.855,0.423,5,-15.044,0,0.0585,0.7240000000000001,0.469,0.0896,0.5720000000000001,120.02,4,156371,Alternative,2019-03-29
103,103,104,104,Lose Control,MEDUZA,452440,7CHi4DtfK4heMlQaudCuHK,0.598,0.526,10,-8.658999999999999,0,0.0415,0.129,0.0,0.14,0.529,123.935,4,168387,Dance,2019-10-11
104,104,105,105,Arrogante,Irama,451774,14lgKkkbNsJl9fItqnEfpV,0.722,0.772,11,-5.71,1,0.0458,0.154,0.0,0.337,0.687,102.009,4,196471,Pop,2019-05-24
105,105,106,106,Per Un Milione,Boomdabash,442666,5L1HQLXeih82ecmY0tOH7w,0.741,0.7440000000000001,7,-4.099,0,0.0472,0.10300000000000001,0.0,0.0852,0.898,85.98700000000001,4,174616,Pop,2019-02-08
106,106,107,107,CRUDELIA - I nervi,Marracash,442465,5dsz7MTrNdN9aMTrnp7sOG,0.547,0.5539999999999999,7,-7.563,1,0.102,0.149,0.0,0.344,0.0702,82.178,3,230923,Hip-Hop/Rap,2020-03-27
107,107,108,108,La hit dell'estate,Shade,437289,443cnFF139Ql85enXOTWEu,0.758,0.8340000000000001,6,-4.86,0,0.0997,0.271,0.0,0.0942,0.638,119.963,4,188375,Hip-Hop/Rap,2019-06-18
108,108,109,109,ANSIA NO,FSK SATELLITE,435357,2yuYI5NFhevxa05se7Qht9,0.823,0.6779999999999999,1,-6.664,1,0.56,0.153,0.0,0.218,0.706,160.13299999999998,4,148500,Hip-Hop/Rap,2019-12-05
109,109,110,110,The Box,Roddy Ricch,429772,0nbXyq5TXYPCO7pr3N8S4I,0.8959999999999999,0.586,10,-6.687,0,0.0559,0.10400000000000001,0.0,0.79,0.642,116.971,4,196653,Hip-Hop/Rap,2019-12-06
110,110,111,111,"Bam Bam Twist (feat. Gow Tribe, Frenetik&Orang3)",Achille Lauro,429645,3Oc9ywNtQuuutK3ovrYIfe,0.573,0.8859999999999999,2,-4.322,1,0.054000000000000006,0.00391,0.00044699999999999997,0.152,0.48700000000000004,159.975,4,174638,Pop,2020-06-19
111,111,112,112,Margarita (con Marracash),Elodie,427760,6KfwIpX0Xo0lelmuUOnyZV,0.816,0.782,11,-5.2829999999999995,0,0.0929,0.10400000000000001,0.0,0.0526,0.7979999999999999,95.98100000000001,4,177213,Pop,2020-05-12
112,112,113,113,Falling,Trevor Daniel,426858,2rRJrJEo19S2J82BDsQ3F7,0.784,0.43,10,-8.756,0,0.0364,0.12300000000000001,0.0,0.0887,0.23600000000000002,127.087,4,159382,Pop,2020-03-26
113,113,114,114,Ostia Lido,J-AX,425915,4WJ1fu0RntmhYGkP9IWTVL,0.8740000000000001,0.7859999999999999,9,-5.723,1,0.18600000000000003,0.114,0.0,0.10800000000000001,0.688,108.944,4,172945,Hip-Hop/Rap,2020-01-24
114,114,115,115,BRAVI A CADERE - I polmoni,Marracash,420141,3me7fQdjgO8NHscb3xPaBa,0.608,0.693,5,-5.676,0,0.10300000000000001,0.163,0.0,0.10400000000000001,0.276,95.005,4,200214,Hip-Hop/Rap,2020-03-27
115,115,116,116,Be Kind (with Halsey),Marshmello,415744,3Z8FwOEN59mRMxDCtb8N0A,0.63,0.633,4,-7.087999999999999,1,0.0457,0.0077599999999999995,0.0,0.0541,0.452,93.995,4,172762,Dance,2020-05-01
116,116,117,117,Mama Africa,Bracket,414032,5fobKrmWA5owgI5u8EcXSs,0.843,0.924,8,-2.91,0,0.285,0.28800000000000003,0.0,0.11199999999999999,0.78,127.039,4,201828,Worldwide,2015-07-20
117,117,118,118,Il Passo (feat. Samurai Jay),MamboLosco,413657,5DeyCr1ZPOLBYFwHOqn6Lv,0.893,0.47700000000000004,9,-8.195,1,0.245,0.05,0.0,0.308,0.47600000000000003,124.008,4,165582,Hip-Hop/Rap,2020-04-23
118,118,119,119,Fai rumore,Diodato,412744,5fQdJRMCHmIlYRC7s3y5GR,0.41700000000000004,0.625,6,-6.055,1,0.0366,0.218,0.0,0.0805,0.14400000000000002,143.358,4,216140,Pop,2020-05-22
119,119,120,120,HIGHEST IN THE ROOM,Travis Scott,404801,3eekarcy7kvN4yt5ZFzltW,0.598,0.42700000000000005,7,-8.764,0,0.0317,0.0546,5.83e-06,0.21,0.0605,76.469,4,175721,Hip-Hop/Rap,2019-10-04
120,120,121,121,Before You Go,Lewis Capaldi,403046,2gMXnyrvIjhVBUZwvLZDMP,0.45899999999999996,0.575,3,-4.8580000000000005,1,0.0573,0.604,0.0,0.0885,0.183,111.881,4,215107,Alternative,2019-11-22
121,121,122,122,Oh Cacchio,Leon Faun,402037,10y452DRiLSzDQAcX2Ek2j,0.7959999999999999,0.69,7,-11.431,1,0.319,0.235,0.0,0.154,0.604,100.131,4,129625,Hip-Hop/Rap,2019-11-29
122,122,123,123,D'estate non vale (feat. Ana Mena),Fred De Palma,399292,5IbiQAbMBe5T2K67mCAIx3,0.6609999999999999,0.765,2,-6.015,1,0.16,0.0867,0.0,0.0858,0.723,180.00799999999998,4,157933,Hip-Hop/Rap,2019-09-13
123,123,124,124,PUSSY (feat. Lazza & Salmo),Dark Polo Gang,398106,7MhzmWFJYSEsL8wK7hufaC,0.852,0.7509999999999999,9,-3.738,1,0.28,0.252,1.05e-05,0.166,0.7,150.01,4,161325,Hip-Hop/Rap,2020-05-07
124,124,125,125,"Calipso (with Dardust) (feat. Sfera Ebbasta, Mahmood & Fabri Fibra)",Charlie Charles,393720,45zJRuzK9e6AO527NOW7Fy,0.775,0.6609999999999999,6,-6.178,0,0.183,0.0261,2.09e-05,0.11199999999999999,0.467,112.029,4,190700,R&B/Soul,2019-04-26
125,125,126,126,Problemi Con Tutti (Giuda),Fedez,389936,6dlFPrQ8AvKFPKJ7ZeyDMT,0.669,0.851,8,-4.939,0,0.215,0.215,0.0,0.0642,0.645,120.166,4,134875,Pop,2020-05-15
126,126,127,127,Marymango (feat. tha Supreme),Ghali,389019,1ociMpeDbQ9iSXNUNTIfLV,0.47700000000000004,0.755,10,-5.781000000000001,0,0.163,0.0351,0.0,0.1,0.586,81.283,4,204984,Hip-Hop/Rap,2020-05-29
127,127,128,128,"Rap City - feat. Gemitaiz, MadMan",Tedua,383705,5kqzy7em2F9RZpVoPa6u3a,0.79,0.634,8,-6.867999999999999,1,0.38299999999999995,0.0933,0.0,0.179,0.495,90.616,4,152700,none,2020-06-12
128,128,129,129,Bro II - feat. Ernia,Tedua,382044,229LkOXchZzC4DGbi3R3O9,0.56,0.767,2,-6.257000000000001,1,0.6609999999999999,0.39899999999999997,0.0,0.0873,0.324,179.093,4,136306,Hip-Hop/Rap,2020-06-05
129,129,130,130,"Cracovia, Pt. 3",Il Tre,378435,18dt6tNw8hpNUdthOJf0lI,0.657,0.816,4,-6.042000000000001,0,0.297,0.48,0.0,0.147,0.205,160.173,4,174750,Hip-Hop/Rap,2019-09-03
130,130,131,131,Nera,Irama,378046,6Lc0La3OwOmAouQjbID4uX,0.767,0.8190000000000001,0,-5.114,1,0.105,0.136,0.0,0.165,0.799,133.997,4,174147,Hip-Hop/Rap,2018-06-01
131,131,132,132,Gigolò (feat. Sfera Ebbasta & Capo Plaza),Lazza,375957,4KilYheWwxakB1L43ECTeP,0.795,0.634,5,-8.771,0,0.142,0.0889,0.0,0.0874,0.39,97.512,4,164302,Hip-Hop/Rap,2019-10-03
132,132,133,133,IL CIELO NELLA STANZA (feat. NSTASIA),Salmo,371818,2fkVZYFv9hOejIsLzZy8ad,0.755,0.501,1,-9.551,1,0.18899999999999997,0.0867,1.45e-06,0.146,0.267,134.998,4,186213,Hip-Hop/Rap,2018-11-09
133,133,134,134,OPPS (feat. Capo Plaza),DrefGold,371814,6TzJQdkvLetW6PTVBKKVNh,0.6920000000000001,0.616,5,-6.224,0,0.0571,0.0271,0.0,0.106,0.28,125.919,4,194286,Hip-Hop/Rap,2020-05-21
134,134,135,135,"Fuego (with Geolier & Lele Blade) - Prod. Poison Beatz, Tom Trigger",Neves17,368755,6XPYGFacwZAtmoSVi9m4eT,0.657,0.54,9,-8.12,1,0.133,0.00551,1.3800000000000002e-05,0.0803,0.255,150.097,4,176000,Hip-Hop/Rap,2020-01-28
135,135,136,136,RITMO (Bad Boys For Life),Black Eyed Peas,367128,4NCsrTzgVfsDo8nWyP8PPc,0.723,0.7040000000000001,10,-7.087999999999999,0,0.0571,0.0259,0.00109,0.792,0.684,105.095,4,214935,Pop,2020-06-18
136,136,137,137,Pour Toujours (feat. Ghali e Dargen D'Amico),Tedua,366041,1MIVKNoJo0nxQpgMMmGvML,0.873,0.672,1,-7.04,0,0.322,0.0654,1.12e-06,0.198,0.354,97.47399999999999,4,240939,Hip-Hop/Rap,2020-06-05
137,137,138,138,Stu core t'apparten,Rocco Hunt,365521,3nhAgjyrfUUCNDMZHx6LCa,0.536,0.551,8,-6.831,0,0.42100000000000004,0.361,0.0,0.0952,0.47100000000000003,158.987,4,149910,Hip-Hop/Rap,2019-08-30
138,138,139,139,TROLLZ (with Nicki Minaj),6ix9ine,363310,3dVvWnj4D8JGkKvo6Hucso,0.7440000000000001,0.42200000000000004,1,-8.946,1,0.294,0.0319,0.00011,0.11,0.493,180.00599999999997,4,202667,Hip-Hop/Rap,2020-06-12
139,139,140,140,Playa,Baby K,361739,7bBIBrSmHvdMlTC7b9p8Vq,0.8370000000000001,0.5770000000000001,2,-5.854,1,0.168,0.0403,0.0,0.0721,0.73,109.904,4,192000,Pop,2019-05-31
140,140,141,141,È sempre bello,Coez,361300,6IdiuMw1FSAvU3e6bgWQVX,0.6920000000000001,0.63,8,-6.792000000000001,1,0.16399999999999998,0.0732,0.0,0.0865,0.499,110.919,5,203872,Pop,2019-03-29
141,141,142,142,Andromeda,Elodie,360943,0enRz21WfeQKKV9StgrKv7,0.534,0.698,8,-5.337999999999999,0,0.10400000000000001,0.0208,0.0,0.113,0.54,121.779,4,202400,Hip-Hop/Rap,2020-05-12
142,142,143,143,Viceversa,Francesco Gabbani,358376,04ldF8QeASSyJLMtZJJfqA,0.529,0.7170000000000001,4,-4.776,1,0.0336,0.0348,0.0,0.0751,0.551,147.84,4,215267,Pop,2020-02-14
143,143,144,144,Better Days - Giorni Migliori (with Negramaro),OneRepublic,354761,6kfUXAS4K8zpNCADiFqMCt,0.617,0.7240000000000001,5,-5.02,1,0.0439,0.221,0.0,0.23600000000000002,0.247,88.984,4,144530,Pop,2020-05-29
144,144,145,145,Vita Vera,Tedua,352811,16j7FamXFr5OeQPhHwkRqj,0.591,0.6659999999999999,5,-6.126,0,0.33899999999999997,0.0109,0.0,0.0986,0.537,80.613,4,165703,Hip-Hop/Rap,2020-06-05
145,145,146,146,Control,Zoe Wees,350836,50Td3qilgs8BLtv8mHyT1t,0.599,0.465,4,-4.95,1,0.0314,0.643,1.57e-06,0.149,0.0678,113.82,4,230880,Pop,2020-03-13
146,146,147,147,Someone You Loved,Lewis Capaldi,347769,7qEHsqek33rTcFNT9PFqLf,0.501,0.405,1,-5.678999999999999,1,0.0319,0.7509999999999999,0.0,0.105,0.446,109.891,4,182161,Alternative,2019-05-17
147,147,148,148,Purple,Tedua,346758,7vLQn9De3vNvf2NU8dfGzY,0.5,0.669,9,-7.7410000000000005,1,0.43799999999999994,0.0233,0.0,0.0709,0.34299999999999997,82.221,4,190122,Hip-Hop/Rap,2020-06-05
148,148,149,149,Non mi basta più (feat. Chiara Ferragni),Baby K,343917,5ZUeBvBEH8hpdLMW3yCmHb,0.828,0.741,7,-4.76,0,0.0561,0.11,0.0,0.0598,0.966,122.93799999999999,4,200976,Pop,2020-06-25
149,149,150,150,"PAROLA - feat. Lazza, Emis Killa",Giaime,343878,4XxQOwmNM0DF3bKafSJBNw,0.722,0.747,4,-7.028,0,0.0792,0.311,0.0008210000000000001,0.11199999999999999,0.47700000000000004,164.092,4,203415,Hip-Hop/Rap,2020-04-09
150,150,151,151,SCACCIACANI - feat. Massimo Pericolo - prod. Crookers & Nic Sarno,Ketama126,341149,1T4Q9sLfxlFP4EMvedo8p3,0.648,0.625,7,-4.371,0,0.0417,0.262,0.0,0.129,0.436,134.049,4,219947,none,2019-10-18
151,151,152,152,Rossetto,Random,340856,3U8FKJg4GP0SPaZ2HCOO0b,0.653,0.7,7,-4.8839999999999995,1,0.069,0.588,0.0,0.134,0.213,104.959,4,228142,Pop,2020-06-05
152,152,153,153,Polo nord - C+N Progressive Mix,Massimo Pericolo,338534,1Wbc0N0X1zkFqnKGcj8Quh,0.645,0.895,6,-4.7860000000000005,1,0.0347,0.00619,0.00297,0.261,0.174,126.01100000000001,4,249304,Hip-Hop/Rap,2019-09-27
153,153,154,154,Sunday Best,Surfaces,336561,1Cv1YLb4q0RzL6pybtaMLo,0.878,0.525,5,-6.832000000000001,1,0.0578,0.183,0.0,0.0714,0.6940000000000001,112.022,4,158571,Pop,2019-01-06
154,154,155,155,Il tuo profumo,Fred De Palma,336546,0sqbGUEecNagMilnntIsuZ,0.782,0.657,5,-7.5920000000000005,1,0.0501,0.0034,0.0,0.111,0.303,106.014,4,160856,Hip-Hop/Rap,2019-09-13
155,155,156,156,Mare Mosso - feat. Bresh,Tedua,336354,4oU7UcbiSaxbU8xQqGdvwS,0.428,0.7440000000000001,8,-6.2989999999999995,1,0.1,0.19699999999999998,0.0,0.218,0.5670000000000001,85.662,4,233216,none,2020-06-05
156,156,157,157,Ma lo vuoi capire?,Tommaso Paradiso,336215,4Veqf07wBQY58QVqNGA1M7,0.429,0.7040000000000001,0,-5.093,1,0.0518,0.00146,1.05e-06,0.126,0.51,164.13,4,241378,Pop,2020-04-16
157,157,158,158,Pass - feat. Tony Effe,Tedua,335657,6x6gHbKyrznz0xX2WJudIv,0.745,0.628,4,-5.757999999999999,1,0.401,0.39799999999999996,0.0,0.17,0.6920000000000001,156.034,4,158710,none,2020-06-12
158,158,159,159,Allora ciao,Shade,334954,5mtMuoCiBExgzH8SOdXyNB,0.6,0.649,5,-7.443,1,0.09,0.11,0.0,0.11599999999999999,0.747,155.875,4,166254,Hip-Hop/Rap,2020-01-10
159,159,160,160,YOSHI (feat. Fabri Fibra) - prod. Strage,MACHETE,334864,3Hh0ZcGIqIkSiJVZGLcVLx,0.7509999999999999,0.66,8,-6.24,1,0.348,0.228,0.0,0.0827,0.634,166.80900000000003,4,211995,Hip-Hop/Rap,2019-07-05
160,160,161,161,MVMA,Nicola Siciliano,328733,4BgQlyGseC5JCHzknSCkOV,0.586,0.5429999999999999,6,-7.656000000000001,1,0.0338,0.292,1.06e-05,0.132,0.0713,100.069,4,236400,Hip-Hop/Rap,2020-06-18
161,161,162,162,Piccola Stella,Ultimo,325286,6sLBJkMyZIkGevtpYgeotT,0.48700000000000004,0.465,2,-8.019,1,0.0474,0.341,0.0,0.111,0.28800000000000003,179.907,3,232667,Pop,2019-04-05
162,162,163,163,Tutto Questo Sei Tu,Ultimo,324366,2JbPEAf12Ju2CxSIoZC89d,0.45,0.514,2,-5.571000000000001,1,0.0277,0.444,0.0,0.11199999999999999,0.42100000000000004,161.97299999999998,3,245053,Pop,2019-12-13
163,163,164,164,Clone,Tedua,323786,4DiKuWqRpGl5TZFg7K2tNy,0.7120000000000001,0.588,11,-5.132999999999999,1,0.327,0.0694,0.0,0.114,0.32,139.785,4,149271,Hip-Hop/Rap,2020-06-12
164,164,165,165,Señorita,Shawn Mendes,321795,6v3KW9xbzN5yKLt9YKDYA2,0.759,0.5479999999999999,9,-6.0489999999999995,0,0.028999999999999998,0.0392,0.0,0.0828,0.7490000000000001,116.96700000000001,4,190800,Pop,2019-06-19
165,165,166,166,Ora che ti guardo bene,Gazzelle,321088,25rH6l9UjJaLu4Ckxku8XT,0.672,0.46399999999999997,0,-5.757000000000001,1,0.0407,0.217,0.000129,0.10300000000000001,0.289,79.99600000000001,4,172836,Alternative,2020-04-15
166,166,167,167,Non Avere Paura,Tommaso Paradiso,319554,1qMx707PFdFXdwLvcUTNz3,0.568,0.6779999999999999,0,-6.185,1,0.0366,0.428,0.0,0.107,0.24100000000000002,104.992,4,247478,Pop,2019-09-25
167,167,168,168,Amore e Capoeira,Takagi & Ketra,317494,5Vwqy3CS2aCB6jcgm1qWfk,0.8270000000000001,0.6970000000000001,11,-4.368,0,0.142,0.122,0.0,0.044000000000000004,0.836,118.083,4,172455,Pop,2018-06-01
168,168,169,169,Soldi in Nero - feat. Sfera Ebbasta,Shiva,317435,1Xm2e1vDwOMeJJioWuG1s7,0.748,0.662,6,-4.832,0,0.285,0.149,0.0,0.17,0.34600000000000003,157.918,4,183797,none,2019-11-28
169,169,170,170,Che Poi,Carl Brave,317027,55BfNKdOeu77gxPB0UGnAw,0.764,0.774,6,-5.301,1,0.0594,0.18899999999999997,0.0,0.107,0.614,110.09,4,188182,Pop,2020-01-22
170,170,171,171,"SPORT + muscoli (RMX) (feat. Lazza, Paky, Luchè & Taxi B)",Marracash,314367,7srDOLMwjMC07Dzs7mqCnv,0.851,0.7440000000000001,10,-5.276,0,0.28600000000000003,0.324,0.0,0.309,0.436,125.068,4,286703,Hip-Hop/Rap,2020-03-27
171,171,172,172,90MIN,Salmo,308760,3Ls9yKzshQye18Tx2AvOb6,0.5489999999999999,0.765,1,-5.138,1,0.309,0.0253,0.0,0.855,0.513,122.00200000000001,4,231920,Hip-Hop/Rap,2018-11-09
172,172,173,173,Non è vero,The Kolors,305057,5cwzr9JH9xT5SeO16rMjQM,0.7140000000000001,0.8909999999999999,1,-3.877,0,0.0646,0.23199999999999998,0.0,0.317,0.6709999999999999,115.021,4,186130,Pop,2020-05-14
173,173,174,174,Motivo,Tedua,304609,4hQULJZ637uTdjHKhsyJ9B,0.8959999999999999,0.6629999999999999,6,-4.995,0,0.24600000000000002,0.20800000000000002,0.0,0.0551,0.34700000000000003,101.905,4,113104,Hip-Hop/Rap,2020-06-05
174,174,175,175,Sei bella come Roma,DANDY TURNER,303773,51MYYyG3fjM3rttqRByqTl,0.622,0.493,1,-10.827,0,0.0466,0.408,0.0,0.149,0.124,130.137,4,197539,Pop,2019-12-20
175,175,176,176,Barrio,Mahmood,302261,1MCSc1ZxlwV5muFXKocAnW,0.804,0.7020000000000001,11,-6.553,0,0.07200000000000001,0.0582,0.0,0.11,0.575,122.027,4,165246,Pop,2019-08-30
176,176,177,177,ENFASI,Sierra,299928,77VwA6u9JEb4WG5lWSkvU6,0.617,0.7709999999999999,11,-6.476,1,0.063,0.00533,4.05e-06,0.319,0.33299999999999996,112.45700000000001,4,228541,Pop,2019-11-22
177,177,178,178,Lo-fi Wuhan,Tedua,299739,17z50d3CxHHNuW9muZfifX,0.568,0.711,1,-6.337000000000001,0,0.425,0.629,0.0,0.349,0.499,122.001,4,176600,Hip-Hop/Rap,2020-06-05
178,178,179,179,Tikibombom,Levante,294798,4JNT4VElmvNmJaQUhwPzg9,0.47200000000000003,0.604,4,-4.9,0,0.0784,0.0272,0.0,0.0865,0.353,171.928,4,203133,Pop,2020-02-06
179,179,180,180,Rozzi,Paky,293906,3Y00k9cPoW8BnJesUEFoWn,0.8740000000000001,0.48700000000000004,9,-9.806000000000001,1,0.312,0.10300000000000001,2.72e-06,0.10300000000000001,0.7240000000000001,131.088,4,163053,Hip-Hop/Rap,2019-09-11
180,180,181,181,Pookie (feat. Capo Plaza) - Remix,Aya Nakamura,291226,6h5nbfvIJHRNH3oGrNWJwn,0.841,0.62,1,-6.91,1,0.0959,0.0584,0.0,0.0988,0.519,98.023,4,188401,R&B/Soul,2019-10-25
181,181,182,182,POLKA,Rosa Chemical,290745,6hcUMWNYcoRygbg7cdxrZL,0.7859999999999999,0.7170000000000001,11,-5.465,1,0.17600000000000002,0.276,0.0,0.266,0.8290000000000001,129.899,4,170851,Hip-Hop/Rap,2020-05-28
182,182,183,183,Caramelo,Ozuna,289491,3gD4J3RUHy4OUuZ3qAiaiG,0.728,0.8059999999999999,6,-3.766,1,0.0623,0.0531,0.000301,0.153,0.698,168.084,4,217547,Urbano latino,2020-06-11
183,183,184,184,Say So,Doja Cat,285480,3Dv1eDb0MEgF93GpLXlucZ,0.787,0.6729999999999999,11,-4.577,0,0.158,0.256,3.57e-06,0.0904,0.7859999999999999,110.962,4,237893,R&B/Soul,2019-11-07
184,184,185,185,Boss,Paky,284497,4ijux7JMNY2IpBtTsuYrK4,0.924,0.429,8,-8.042,1,0.48100000000000004,0.36,0.0,0.106,0.439,126.039,4,144987,Rap,2020-01-22
185,185,186,186,Mon Fre - feat. Emis Killa,Shiva,283706,4dDMgEj5GpBTI1lvVlYPu7,0.841,0.821,6,-3.802,1,0.23399999999999999,0.0791,0.0,0.172,0.545,106.00299999999999,4,224151,none,2019-07-19
186,186,187,187,4L (feat. MamboLosco),Dark Polo Gang,278835,73tvJPxq6K6J1Pd6p6it6t,0.698,0.555,9,-6.358,1,0.293,0.596,0.0,0.102,0.353,92.01299999999999,4,147713,Hip-Hop/Rap,2020-05-07
187,187,188,188,Balla Per Me,Tiziano Ferro,273929,6my3pKZ8QxxI5ZezQVR0wf,0.688,0.879,7,-5.231,1,0.2,0.624,0.0,0.17300000000000001,0.265,124.904,4,205027,Pop,2019-11-22
188,188,189,189,Physical,Dua Lipa,273118,3AzjcOeAmA57TIOr9zF1ZW,0.647,0.8440000000000001,0,-3.7560000000000002,1,0.0457,0.0137,0.0006580000000000001,0.102,0.746,146.967,4,193829,Pop,2020-03-27
189,189,190,190,m12ano - feat. Mara Sattei,tha Supreme,271976,0LfMuWu6FKNSDHEoxHu9iK,0.5770000000000001,0.514,2,-6.407,1,0.0392,0.0431,3.2200000000000003e-05,0.0843,0.479,64.822,4,188427,none,2019-11-15
190,190,191,191,Astronomia,Vicetone,271073,665AK0ovB11McZRwfa852G,0.653,0.945,5,-2.634,1,0.096,0.00561,0.915,0.439,0.326,126.09299999999999,4,198095,Dance,2016-09-16
191,191,192,192,Regina Coeli,Carl Brave,270967,5Ajd1Pr5GkoBbdC1D43ysH,0.6409999999999999,0.726,7,-5.968,0,0.0611,0.16399999999999998,8.58e-06,0.165,0.69,164.958,4,248031,Pop,2020-03-10
192,192,193,193,Fuego Del Calor (feat. Ozuna & Tyga),Scott Storch,270156,2ZSHH750nQpUVHjoe3iu2U,0.789,0.8320000000000001,1,-3.68,1,0.0615,0.0218,3.56e-06,0.0849,0.597,100.02,4,148260,Pop,2020-05-29
193,193,194,194,MILF (feat. Taxi B),Ghali,267837,2ijphJfSmJV7iOcBnSXFu0,0.885,0.462,2,-6.42,1,0.40299999999999997,0.11900000000000001,1.13e-06,0.145,0.255,128.14700000000002,4,136055,Hip-Hop/Rap,2020-05-29
194,194,195,195,ROXANNE,Arizona Zervas,266782,696DnlkuDOXcMAnKlTgXXK,0.621,0.601,6,-5.6160000000000005,0,0.14800000000000002,0.0522,0.0,0.46,0.457,116.735,5,163636,Hip-Hop/Rap,2019-10-10
195,195,196,196,Circles,Post Malone,266590,21jGcNKet2qwijlDFuPiPb,0.695,0.762,0,-3.497,1,0.0395,0.192,0.00244,0.0863,0.5529999999999999,120.042,4,215280,House,2019-09-06
196,196,197,197,Godzilla (feat. Juice WRLD),Eminem,266036,7FIWs0pqAYbP91WWM0vlTQ,0.8079999999999999,0.745,10,-5.26,0,0.342,0.145,0.0,0.292,0.8290000000000001,165.995,4,210800,Hip-Hop/Rap,2020-01-17
197,197,198,198,Bando - Remix,ANNA,265517,1Upi1oHB1ly7XdlbOz7Gjd,0.948,0.728,10,-5.153,0,0.276,0.10400000000000001,0.0,0.105,0.529,120.007,4,168746,Hip-Hop/Rap,2020-04-23
198,198,199,199,LOVE BANDANA - feat. Tedua,Ketama126,265171,15hXSWGLcvtUZLtzCY7E0Q,0.623,0.76,8,-6.688,0,0.2,0.341,0.0,0.11900000000000001,0.5660000000000001,155.015,4,212880,none,2019-10-18
199,199,200,200,El Party,Jake La Furia,264959,19LRRuiMQ8a9jhqSf8jVip,0.672,0.804,6,-5.746,0,0.0344,0.00387,0.0,0.0577,0.57,123.986,4,211418,Urbano latino,2017-06-08
